,PseudoTime
2012-01-03,0.0
2012-01-04,0.00033145508783559825
2012-01-05,0.0006629101756711965
2012-01-06,0.0009943652635067948
2012-01-09,0.001325820351342393
2012-01-10,0.0016572754391779914
2012-01-11,0.0019887305270135896
2012-01-12,0.002320185614849188
2012-01-13,0.002651640702684786
2012-01-17,0.0029830957905203847
2012-01-18,0.003314550878355983
2012-01-19,0.003646005966191581
2012-01-20,0.003977461054027179
2012-01-23,0.004308916141862778
2012-01-24,0.004640371229698376
2012-01-25,0.004971826317533974
2012-01-26,0.005303281405369572
2012-01-27,0.005634736493205171
2012-01-30,0.005966191581040769
2012-01-31,0.006297646668876367
2012-02-01,0.006629101756711966
2012-02-02,0.0069605568445475635
2012-02-03,0.007292011932383162
2012-02-06,0.007623467020218761
2012-02-07,0.007954922108054359
2012-02-08,0.008286377195889956
2012-02-09,0.008617832283725556
2012-02-10,0.008949287371561154
2012-02-13,0.009280742459396751
2012-02-14,0.00961219754723235
2012-02-15,0.009943652635067949
2012-02-16,0.010275107722903546
2012-02-17,0.010606562810739144
2012-02-21,0.010938017898574744
2012-02-22,0.011269472986410341
2012-02-23,0.01160092807424594
2012-02-24,0.011932383162081539
2012-02-27,0.012263838249917136
2012-02-28,0.012595293337752734
2012-02-29,0.012926748425588332
2012-03-01,0.013258203513423931
2012-03-02,0.01358965860125953
2012-03-05,0.013921113689095127
2012-03-06,0.014252568776930727
2012-03-07,0.014584023864766324
2012-03-08,0.014915478952601922
2012-03-09,0.015246934040437522
2012-03-12,0.01557838912827312
2012-03-13,0.015909844216108717
2012-03-14,0.016241299303944315
2012-03-15,0.016572754391779913
2012-03-16,0.01690420947961551
2012-03-19,0.01723566456745111
2012-03-20,0.01756711965528671
2012-03-21,0.017898574743122307
2012-03-22,0.018230029830957905
2012-03-23,0.018561484918793503
2012-03-26,0.0188929400066291
2012-03-27,0.0192243950944647
2012-03-28,0.0195558501823003
2012-03-29,0.019887305270135897
2012-03-30,0.020218760357971495
2012-04-02,0.020550215445807093
2012-04-03,0.02088167053364269
2012-04-04,0.02121312562147829
2012-04-05,0.02154458070931389
2012-04-09,0.021876035797149487
2012-04-10,0.022207490884985085
2012-04-11,0.022538945972820683
2012-04-12,0.02287040106065628
2012-04-13,0.02320185614849188
2012-04-16,0.023533311236327476
2012-04-17,0.023864766324163077
2012-04-18,0.024196221411998675
2012-04-19,0.024527676499834273
2012-04-20,0.02485913158766987
2012-04-23,0.02519058667550547
2012-04-24,0.025522041763341066
2012-04-25,0.025853496851176664
2012-04-26,0.026184951939012265
2012-04-27,0.026516407026847863
2012-04-30,0.02684786211468346
2012-05-01,0.02717931720251906
2012-05-02,0.027510772290354656
2012-05-03,0.027842227378190254
2012-05-04,0.028173682466025852
2012-05-07,0.028505137553861453
2012-05-08,0.02883659264169705
2012-05-09,0.02916804772953265
2012-05-10,0.029499502817368246
2012-05-11,0.029830957905203844
2012-05-14,0.030162412993039442
2012-05-15,0.030493868080875043
2012-05-16,0.03082532316871064
2012-05-17,0.03115677825654624
2012-05-18,0.03148823334438183
2012-05-21,0.031819688432217434
2012-05-22,0.032151143520053035
2012-05-23,0.03248259860788863
2012-05-24,0.03281405369572423
2012-05-25,0.033145508783559825
2012-05-29,0.033476963871395427
2012-05-30,0.03380841895923102
2012-05-31,0.03413987404706662
2012-06-01,0.03447132913490222
2012-06-04,0.03480278422273782
2012-06-05,0.03513423931057342
2012-06-06,0.03546569439840901
2012-06-07,0.035797149486244614
2012-06-08,0.036128604574080216
2012-06-11,0.03646005966191581
2012-06-12,0.03679151474975141
2012-06-13,0.037122969837587005
2012-06-14,0.03745442492542261
2012-06-15,0.0377858800132582
2012-06-18,0.0381173351010938
2012-06-19,0.0384487901889294
2012-06-20,0.038780245276765
2012-06-21,0.0391117003646006
2012-06-22,0.03944315545243619
2012-06-25,0.039774610540271794
2012-06-26,0.04010606562810739
2012-06-27,0.04043752071594299
2012-06-28,0.04076897580377859
2012-06-29,0.041100430891614186
2012-07-02,0.04143188597944979
2012-07-03,0.04176334106728538
2012-07-05,0.04209479615512098
2012-07-06,0.04242625124295658
2012-07-09,0.04275770633079218
2012-07-10,0.04308916141862778
2012-07-11,0.04342061650646337
2012-07-12,0.043752071594298975
2012-07-13,0.04408352668213457
2012-07-16,0.04441498176997017
2012-07-17,0.044746436857805764
2012-07-18,0.045077891945641366
2012-07-19,0.04540934703347697
2012-07-20,0.04574080212131256
2012-07-23,0.04607225720914816
2012-07-24,0.04640371229698376
2012-07-25,0.04673516738481936
2012-07-26,0.04706662247265495
2012-07-27,0.047398077560490554
2012-07-30,0.047729532648326155
2012-07-31,0.04806098773616175
2012-08-01,0.04839244282399735
2012-08-02,0.048723897911832945
2012-08-03,0.049055352999668546
2012-08-06,0.04938680808750414
2012-08-07,0.04971826317533974
2012-08-08,0.05004971826317534
2012-08-09,0.05038117335101094
2012-08-10,0.05071262843884654
2012-08-13,0.05104408352668213
2012-08-14,0.051375538614517734
2012-08-15,0.05170699370235333
2012-08-16,0.05203844879018893
2012-08-17,0.05236990387802453
2012-08-20,0.052701358965860125
2012-08-21,0.053032814053695726
2012-08-22,0.05336426914153132
2012-08-23,0.05369572422936692
2012-08-24,0.054027179317202516
2012-08-27,0.05435863440503812
2012-08-28,0.05469008949287372
2012-08-29,0.05502154458070931
2012-08-30,0.055352999668544914
2012-08-31,0.05568445475638051
2012-09-04,0.05601590984421611
2012-09-05,0.056347364932051704
2012-09-06,0.056678820019887305
2012-09-07,0.057010275107722906
2012-09-10,0.0573417301955585
2012-09-11,0.0576731852833941
2012-09-12,0.058004640371229696
2012-09-13,0.0583360954590653
2012-09-14,0.05866755054690089
2012-09-17,0.05899900563473649
2012-09-18,0.059330460722572094
2012-09-19,0.05966191581040769
2012-09-20,0.05999337089824329
2012-09-21,0.060324825986078884
2012-09-24,0.060656281073914485
2012-09-25,0.060987736161750086
2012-09-26,0.06131919124958568
2012-09-27,0.06165064633742128
2012-09-28,0.061982101425256876
2012-10-01,0.06231355651309248
2012-10-02,0.06264501160092807
2012-10-03,0.06297646668876367
2012-10-04,0.06330792177659927
2012-10-05,0.06363937686443487
2012-10-08,0.06397083195227046
2012-10-09,0.06430228704010607
2012-10-10,0.06463374212794167
2012-10-11,0.06496519721577726
2012-10-12,0.06529665230361285
2012-10-15,0.06562810739144846
2012-10-16,0.06595956247928406
2012-10-17,0.06629101756711965
2012-10-18,0.06662247265495526
2012-10-19,0.06695392774279085
2012-10-22,0.06728538283062645
2012-10-23,0.06761683791846204
2012-10-24,0.06794829300629765
2012-10-25,0.06827974809413324
2012-10-26,0.06861120318196884
2012-10-31,0.06894265826980445
2012-11-01,0.06927411335764004
2012-11-02,0.06960556844547564
2012-11-05,0.06993702353331123
2012-11-06,0.07026847862114684
2012-11-07,0.07059993370898243
2012-11-08,0.07093138879681803
2012-11-09,0.07126284388465363
2012-11-12,0.07159429897248923
2012-11-13,0.07192575406032482
2012-11-14,0.07225720914816043
2012-11-15,0.07258866423599603
2012-11-16,0.07292011932383162
2012-11-19,0.07325157441166721
2012-11-20,0.07358302949950282
2012-11-21,0.07391448458733842
2012-11-23,0.07424593967517401
2012-11-26,0.07457739476300962
2012-11-27,0.07490884985084521
2012-11-28,0.07524030493868081
2012-11-29,0.0755717600265164
2012-11-30,0.07590321511435201
2012-12-03,0.0762346702021876
2012-12-04,0.0765661252900232
2012-12-05,0.0768975803778588
2012-12-06,0.0772290354656944
2012-12-07,0.07756049055353
2012-12-10,0.07789194564136559
2012-12-11,0.0782234007292012
2012-12-12,0.07855485581703679
2012-12-13,0.07888631090487239
2012-12-14,0.079217765992708
2012-12-17,0.07954922108054359
2012-12-18,0.07988067616837918
2012-12-19,0.08021213125621478
2012-12-20,0.08054358634405039
2012-12-21,0.08087504143188598
2012-12-24,0.08120649651972157
2012-12-26,0.08153795160755718
2012-12-27,0.08186940669539278
2012-12-28,0.08220086178322837
2012-12-31,0.08253231687106397
2013-01-02,0.08286377195889957
2013-01-03,0.08319522704673517
2013-01-04,0.08352668213457076
2013-01-07,0.08385813722240637
2013-01-08,0.08418959231024196
2013-01-09,0.08452104739807756
2013-01-10,0.08485250248591315
2013-01-11,0.08518395757374876
2013-01-14,0.08551541266158436
2013-01-15,0.08584686774941995
2013-01-16,0.08617832283725556
2013-01-17,0.08650977792509115
2013-01-18,0.08684123301292675
2013-01-22,0.08717268810076234
2013-01-23,0.08750414318859795
2013-01-24,0.08783559827643354
2013-01-25,0.08816705336426914
2013-01-28,0.08849850845210475
2013-01-29,0.08882996353994034
2013-01-30,0.08916141862777593
2013-01-31,0.08949287371561153
2013-02-01,0.08982432880344714
2013-02-04,0.09015578389128273
2013-02-05,0.09048723897911833
2013-02-06,0.09081869406695393
2013-02-07,0.09115014915478953
2013-02-08,0.09148160424262512
2013-02-11,0.09181305933046072
2013-02-12,0.09214451441829632
2013-02-13,0.09247596950613192
2013-02-14,0.09280742459396751
2013-02-15,0.09313887968180312
2013-02-19,0.09347033476963872
2013-02-20,0.09380178985747431
2013-02-21,0.0941332449453099
2013-02-22,0.09446470003314551
2013-02-25,0.09479615512098111
2013-02-26,0.0951276102088167
2013-02-27,0.09545906529665231
2013-02-28,0.0957905203844879
2013-03-01,0.0961219754723235
2013-03-04,0.09645343056015909
2013-03-05,0.0967848856479947
2013-03-06,0.0971163407358303
2013-03-07,0.09744779582366589
2013-03-08,0.0977792509115015
2013-03-11,0.09811070599933709
2013-03-12,0.09844216108717269
2013-03-13,0.09877361617500828
2013-03-14,0.09910507126284389
2013-03-15,0.09943652635067948
2013-03-18,0.09976798143851508
2013-03-19,0.10009943652635069
2013-03-20,0.10043089161418628
2013-03-21,0.10076234670202187
2013-03-22,0.10109380178985747
2013-03-25,0.10142525687769308
2013-03-26,0.10175671196552867
2013-03-27,0.10208816705336426
2013-03-28,0.10241962214119987
2013-04-01,0.10275107722903547
2013-04-02,0.10308253231687106
2013-04-03,0.10341398740470666
2013-04-04,0.10374544249254226
2013-04-05,0.10407689758037786
2013-04-08,0.10440835266821345
2013-04-09,0.10473980775604906
2013-04-10,0.10507126284388466
2013-04-11,0.10540271793172025
2013-04-12,0.10573417301955584
2013-04-15,0.10606562810739145
2013-04-16,0.10639708319522705
2013-04-17,0.10672853828306264
2013-04-18,0.10705999337089825
2013-04-19,0.10739144845873384
2013-04-22,0.10772290354656944
2013-04-23,0.10805435863440503
2013-04-24,0.10838581372224064
2013-04-25,0.10871726881007623
2013-04-26,0.10904872389791183
2013-04-29,0.10938017898574744
2013-04-30,0.10971163407358303
2013-05-01,0.11004308916141863
2013-05-02,0.11037454424925422
2013-05-03,0.11070599933708983
2013-05-06,0.11103745442492542
2013-05-07,0.11136890951276102
2013-05-08,0.11170036460059662
2013-05-09,0.11203181968843222
2013-05-10,0.11236327477626781
2013-05-13,0.11269472986410341
2013-05-14,0.11302618495193902
2013-05-15,0.11335764003977461
2013-05-16,0.1136890951276102
2013-05-17,0.11402055021544581
2013-05-20,0.1143520053032814
2013-05-21,0.114683460391117
2013-05-22,0.1150149154789526
2013-05-23,0.1153463705667882
2013-05-24,0.1156778256546238
2013-05-28,0.11600928074245939
2013-05-29,0.116340735830295
2013-05-30,0.1166721909181306
2013-05-31,0.11700364600596619
2013-06-03,0.11733510109380178
2013-06-04,0.11766655618163739
2013-06-05,0.11799801126947299
2013-06-06,0.11832946635730858
2013-06-07,0.11866092144514419
2013-06-10,0.11899237653297978
2013-06-11,0.11932383162081538
2013-06-12,0.11965528670865098
2013-06-13,0.11998674179648658
2013-06-14,0.12031819688432217
2013-06-17,0.12064965197215777
2013-06-18,0.12098110705999338
2013-06-19,0.12131256214782897
2013-06-20,0.12164401723566456
2013-06-21,0.12197547232350017
2013-06-24,0.12230692741133577
2013-06-25,0.12263838249917136
2013-06-26,0.12296983758700696
2013-06-27,0.12330129267484256
2013-06-28,0.12363274776267816
2013-07-01,0.12396420285051375
2013-07-02,0.12429565793834936
2013-07-03,0.12462711302618495
2013-07-05,0.12495856811402055
2013-07-08,0.12529002320185614
2013-07-09,0.12562147828969175
2013-07-10,0.12595293337752733
2013-07-11,0.12628438846536294
2013-07-12,0.12661584355319855
2013-07-15,0.12694729864103413
2013-07-16,0.12727875372886974
2013-07-17,0.12761020881670534
2013-07-18,0.12794166390454093
2013-07-19,0.12827311899237653
2013-07-22,0.12860457408021214
2013-07-23,0.12893602916804772
2013-07-24,0.12926748425588333
2013-07-25,0.12959893934371894
2013-07-26,0.12993039443155452
2013-07-29,0.13026184951939013
2013-07-30,0.1305933046072257
2013-07-31,0.13092475969506132
2013-08-01,0.13125621478289692
2013-08-02,0.1315876698707325
2013-08-05,0.1319191249585681
2013-08-06,0.13225058004640372
2013-08-07,0.1325820351342393
2013-08-08,0.1329134902220749
2013-08-09,0.13324494530991052
2013-08-12,0.1335764003977461
2013-08-13,0.1339078554855817
2013-08-14,0.13423931057341731
2013-08-15,0.1345707656612529
2013-08-16,0.1349022207490885
2013-08-19,0.13523367583692408
2013-08-20,0.1355651309247597
2013-08-21,0.1358965860125953
2013-08-22,0.13622804110043088
2013-08-23,0.1365594961882665
2013-08-26,0.1368909512761021
2013-08-27,0.13722240636393768
2013-08-28,0.13755386145177328
2013-08-29,0.1378853165396089
2013-08-30,0.13821677162744447
2013-09-03,0.13854822671528008
2013-09-04,0.1388796818031157
2013-09-05,0.13921113689095127
2013-09-06,0.13954259197878688
2013-09-09,0.13987404706662246
2013-09-10,0.14020550215445807
2013-09-11,0.14053695724229368
2013-09-12,0.14086841233012926
2013-09-13,0.14119986741796486
2013-09-16,0.14153132250580047
2013-09-17,0.14186277759363605
2013-09-18,0.14219423268147166
2013-09-19,0.14252568776930727
2013-09-20,0.14285714285714285
2013-09-23,0.14318859794497846
2013-09-24,0.14352005303281407
2013-09-25,0.14385150812064965
2013-09-26,0.14418296320848525
2013-09-27,0.14451441829632086
2013-09-30,0.14484587338415644
2013-10-01,0.14517732847199205
2013-10-02,0.14550878355982763
2013-10-03,0.14584023864766324
2013-10-04,0.14617169373549885
2013-10-07,0.14650314882333443
2013-10-08,0.14683460391117004
2013-10-09,0.14716605899900564
2013-10-10,0.14749751408684122
2013-10-11,0.14782896917467683
2013-10-14,0.14816042426251244
2013-10-15,0.14849187935034802
2013-10-16,0.14882333443818363
2013-10-17,0.14915478952601924
2013-10-18,0.14948624461385482
2013-10-21,0.14981769970169043
2013-10-22,0.150149154789526
2013-10-23,0.15048060987736162
2013-10-24,0.15081206496519722
2013-10-25,0.1511435200530328
2013-10-28,0.1514749751408684
2013-10-29,0.15180643022870402
2013-10-30,0.1521378853165396
2013-10-31,0.1524693404043752
2013-11-01,0.15280079549221082
2013-11-04,0.1531322505800464
2013-11-05,0.153463705667882
2013-11-06,0.1537951607557176
2013-11-07,0.1541266158435532
2013-11-08,0.1544580709313888
2013-11-11,0.15478952601922438
2013-11-12,0.15512098110706
2013-11-13,0.1554524361948956
2013-11-14,0.15578389128273118
2013-11-15,0.1561153463705668
2013-11-18,0.1564468014584024
2013-11-19,0.15677825654623798
2013-11-20,0.15710971163407358
2013-11-21,0.1574411667219092
2013-11-22,0.15777262180974477
2013-11-25,0.15810407689758038
2013-11-26,0.158435531985416
2013-11-27,0.15876698707325157
2013-11-29,0.15909844216108718
2013-12-02,0.15942989724892276
2013-12-03,0.15976135233675837
2013-12-04,0.16009280742459397
2013-12-05,0.16042426251242956
2013-12-06,0.16075571760026516
2013-12-09,0.16108717268810077
2013-12-10,0.16141862777593635
2013-12-11,0.16175008286377196
2013-12-12,0.16208153795160757
2013-12-13,0.16241299303944315
2013-12-16,0.16274444812727876
2013-12-17,0.16307590321511437
2013-12-18,0.16340735830294995
2013-12-19,0.16373881339078555
2013-12-20,0.16407026847862113
2013-12-23,0.16440172356645674
2013-12-24,0.16473317865429235
2013-12-26,0.16506463374212793
2013-12-27,0.16539608882996354
2013-12-30,0.16572754391779915
2013-12-31,0.16605899900563473
2014-01-02,0.16639045409347034
2014-01-03,0.16672190918130594
2014-01-06,0.16705336426914152
2014-01-07,0.16738481935697713
2014-01-08,0.16771627444481274
2014-01-09,0.16804772953264832
2014-01-10,0.16837918462048393
2014-01-13,0.1687106397083195
2014-01-14,0.16904209479615512
2014-01-15,0.16937354988399073
2014-01-16,0.1697050049718263
2014-01-17,0.17003646005966191
2014-01-21,0.17036791514749752
2014-01-22,0.1706993702353331
2014-01-23,0.1710308253231687
2014-01-24,0.17136228041100432
2014-01-27,0.1716937354988399
2014-01-28,0.1720251905866755
2014-01-29,0.17235664567451112
2014-01-30,0.1726881007623467
2014-01-31,0.1730195558501823
2014-02-03,0.17335101093801789
2014-02-04,0.1736824660258535
2014-02-05,0.1740139211136891
2014-02-06,0.17434537620152468
2014-02-07,0.1746768312893603
2014-02-10,0.1750082863771959
2014-02-11,0.17533974146503148
2014-02-12,0.1756711965528671
2014-02-13,0.1760026516407027
2014-02-14,0.17633410672853828
2014-02-18,0.17666556181637388
2014-02-19,0.1769970169042095
2014-02-20,0.17732847199204507
2014-02-21,0.17765992707988068
2014-02-24,0.17799138216771626
2014-02-25,0.17832283725555187
2014-02-26,0.17865429234338748
2014-02-27,0.17898574743122306
2014-02-28,0.17931720251905867
2014-03-03,0.17964865760689427
2014-03-04,0.17998011269472985
2014-03-05,0.18031156778256546
2014-03-06,0.18064302287040107
2014-03-07,0.18097447795823665
2014-03-10,0.18130593304607226
2014-03-11,0.18163738813390787
2014-03-12,0.18196884322174345
2014-03-13,0.18230029830957906
2014-03-14,0.18263175339741464
2014-03-17,0.18296320848525024
2014-03-18,0.18329466357308585
2014-03-19,0.18362611866092143
2014-03-20,0.18395757374875704
2014-03-21,0.18428902883659265
2014-03-24,0.18462048392442823
2014-03-25,0.18495193901226384
2014-03-26,0.18528339410009945
2014-03-27,0.18561484918793503
2014-03-28,0.18594630427577064
2014-03-31,0.18627775936360624
2014-04-01,0.18660921445144182
2014-04-02,0.18694066953927743
2014-04-03,0.187272124627113
2014-04-04,0.18760357971494862
2014-04-07,0.18793503480278423
2014-04-08,0.1882664898906198
2014-04-09,0.18859794497845542
2014-04-10,0.18892940006629103
2014-04-11,0.1892608551541266
2014-04-14,0.18959231024196221
2014-04-15,0.18992376532979782
2014-04-16,0.1902552204176334
2014-04-17,0.190586675505469
2014-04-21,0.19091813059330462
2014-04-22,0.1912495856811402
2014-04-23,0.1915810407689758
2014-04-24,0.19191249585681142
2014-04-25,0.192243950944647
2014-04-28,0.1925754060324826
2014-04-29,0.19290686112031818
2014-04-30,0.1932383162081538
2014-05-01,0.1935697712959894
2014-05-02,0.19390122638382498
2014-05-05,0.1942326814716606
2014-05-06,0.1945641365594962
2014-05-07,0.19489559164733178
2014-05-08,0.1952270467351674
2014-05-09,0.195558501823003
2014-05-12,0.19588995691083858
2014-05-13,0.19622141199867418
2014-05-14,0.1965528670865098
2014-05-15,0.19688432217434537
2014-05-16,0.19721577726218098
2014-05-19,0.19754723235001656
2014-05-20,0.19787868743785217
2014-05-21,0.19821014252568778
2014-05-22,0.19854159761352336
2014-05-23,0.19887305270135897
2014-05-27,0.19920450778919457
2014-05-28,0.19953596287703015
2014-05-29,0.19986741796486576
2014-05-30,0.20019887305270137
2014-06-02,0.20053032814053695
2014-06-03,0.20086178322837256
2014-06-04,0.20119323831620817
2014-06-05,0.20152469340404375
2014-06-06,0.20185614849187936
2014-06-09,0.20218760357971494
2014-06-10,0.20251905866755054
2014-06-11,0.20285051375538615
2014-06-12,0.20318196884322173
2014-06-13,0.20351342393105734
2014-06-16,0.20384487901889295
2014-06-17,0.20417633410672853
2014-06-18,0.20450778919456414
2014-06-19,0.20483924428239975
2014-06-20,0.20517069937023533
2014-06-23,0.20550215445807093
2014-06-24,0.20583360954590654
2014-06-25,0.20616506463374212
2014-06-26,0.20649651972157773
2014-06-27,0.2068279748094133
2014-06-30,0.20715942989724892
2014-07-01,0.20749088498508453
2014-07-02,0.2078223400729201
2014-07-03,0.20815379516075572
2014-07-07,0.20848525024859133
2014-07-08,0.2088167053364269
2014-07-09,0.2091481604242625
2014-07-10,0.20947961551209812
2014-07-11,0.2098110705999337
2014-07-14,0.2101425256877693
2014-07-15,0.21047398077560492
2014-07-16,0.2108054358634405
2014-07-17,0.2111368909512761
2014-07-18,0.2114683460391117
2014-07-21,0.2117998011269473
2014-07-22,0.2121312562147829
2014-07-23,0.21246271130261848
2014-07-24,0.2127941663904541
2014-07-25,0.2131256214782897
2014-07-28,0.21345707656612528
2014-07-29,0.2137885316539609
2014-07-30,0.2141199867417965
2014-07-31,0.21445144182963208
2014-08-01,0.21478289691746769
2014-08-04,0.2151143520053033
2014-08-05,0.21544580709313887
2014-08-06,0.21577726218097448
2014-08-07,0.21610871726881006
2014-08-08,0.21644017235664567
2014-08-11,0.21677162744448128
2014-08-12,0.21710308253231686
2014-08-13,0.21743453762015247
2014-08-14,0.21776599270798808
2014-08-15,0.21809744779582366
2014-08-18,0.21842890288365926
2014-08-19,0.21876035797149487
2014-08-20,0.21909181305933045
2014-08-21,0.21942326814716606
2014-08-22,0.21975472323500167
2014-08-25,0.22008617832283725
2014-08-26,0.22041763341067286
2014-08-27,0.22074908849850844
2014-08-28,0.22108054358634405
2014-08-29,0.22141199867417966
2014-09-02,0.22174345376201524
2014-09-03,0.22207490884985084
2014-09-04,0.22240636393768645
2014-09-05,0.22273781902552203
2014-09-08,0.22306927411335764
2014-09-09,0.22340072920119325
2014-09-10,0.22373218428902883
2014-09-11,0.22406363937686444
2014-09-12,0.22439509446470005
2014-09-15,0.22472654955253563
2014-09-16,0.22505800464037123
2014-09-17,0.22538945972820681
2014-09-18,0.22572091481604242
2014-09-19,0.22605236990387803
2014-09-22,0.2263838249917136
2014-09-23,0.22671528007954922
2014-09-24,0.22704673516738483
2014-09-25,0.2273781902552204
2014-09-26,0.22770964534305602
2014-09-29,0.22804110043089162
2014-09-30,0.2283725555187272
2014-10-01,0.2287040106065628
2014-10-02,0.22903546569439842
2014-10-03,0.229366920782234
2014-10-06,0.2296983758700696
2014-10-07,0.2300298309579052
2014-10-08,0.2303612860457408
2014-10-09,0.2306927411335764
2014-10-10,0.231024196221412
2014-10-13,0.2313556513092476
2014-10-14,0.2316871063970832
2014-10-15,0.23201856148491878
2014-10-16,0.2323500165727544
2014-10-17,0.23268147166059
2014-10-20,0.23301292674842558
2014-10-21,0.2333443818362612
2014-10-22,0.2336758369240968
2014-10-23,0.23400729201193238
2014-10-24,0.23433874709976799
2014-10-27,0.23467020218760357
2014-10-28,0.23500165727543917
2014-10-29,0.23533311236327478
2014-10-30,0.23566456745111036
2014-10-31,0.23599602253894597
2014-11-03,0.23632747762678158
2014-11-04,0.23665893271461716
2014-11-05,0.23699038780245277
2014-11-06,0.23732184289028838
2014-11-07,0.23765329797812396
2014-11-10,0.23798475306595956
2014-11-11,0.23831620815379517
2014-11-12,0.23864766324163075
2014-11-13,0.23897911832946636
2014-11-14,0.23931057341730197
2014-11-17,0.23964202850513755
2014-11-18,0.23997348359297316
2014-11-19,0.24030493868080874
2014-11-20,0.24063639376864435
2014-11-21,0.24096784885647995
2014-11-24,0.24129930394431554
2014-11-25,0.24163075903215114
2014-11-26,0.24196221411998675
2014-11-28,0.24229366920782233
2014-12-01,0.24262512429565794
2014-12-02,0.24295657938349355
2014-12-03,0.24328803447132913
2014-12-04,0.24361948955916474
2014-12-05,0.24395094464700035
2014-12-08,0.24428239973483593
2014-12-09,0.24461385482267153
2014-12-10,0.24494530991050711
2014-12-11,0.24527676499834272
2014-12-12,0.24560822008617833
2014-12-15,0.2459396751740139
2014-12-16,0.24627113026184952
2014-12-17,0.24660258534968513
2014-12-18,0.2469340404375207
2014-12-19,0.24726549552535632
2014-12-22,0.24759695061319192
2014-12-23,0.2479284057010275
2014-12-24,0.2482598607888631
2014-12-26,0.24859131587669872
2014-12-29,0.2489227709645343
2014-12-30,0.2492542260523699
2014-12-31,0.2495856811402055
2015-01-02,0.2499171362280411
2015-01-05,0.2502485913158767
2015-01-06,0.2505800464037123
2015-01-07,0.2509115014915479
2015-01-08,0.2512429565793835
2015-01-09,0.2515744116672191
2015-01-12,0.25190586675505466
2015-01-13,0.25223732184289027
2015-01-14,0.2525687769307259
2015-01-15,0.2529002320185615
2015-01-16,0.2532316871063971
2015-01-20,0.2535631421942327
2015-01-21,0.25389459728206826
2015-01-22,0.25422605236990387
2015-01-23,0.2545575074577395
2015-01-26,0.2548889625455751
2015-01-27,0.2552204176334107
2015-01-28,0.2555518727212463
2015-01-29,0.25588332780908185
2015-01-30,0.25621478289691746
2015-02-02,0.25654623798475307
2015-02-03,0.2568776930725887
2015-02-04,0.2572091481604243
2015-02-05,0.25754060324825984
2015-02-06,0.25787205833609544
2015-02-09,0.25820351342393105
2015-02-10,0.25853496851176666
2015-02-11,0.25886642359960227
2015-02-12,0.2591978786874379
2015-02-13,0.25952933377527343
2015-02-17,0.25986078886310904
2015-02-18,0.26019224395094465
2015-02-19,0.26052369903878025
2015-02-20,0.26085515412661586
2015-02-23,0.2611866092144514
2015-02-24,0.261518064302287
2015-02-25,0.26184951939012263
2015-02-26,0.26218097447795824
2015-02-27,0.26251242956579385
2015-03-02,0.26284388465362946
2015-03-03,0.263175339741465
2015-03-04,0.2635067948293006
2015-03-05,0.2638382499171362
2015-03-06,0.26416970500497183
2015-03-09,0.26450116009280744
2015-03-10,0.26483261518064305
2015-03-11,0.2651640702684786
2015-03-12,0.2654955253563142
2015-03-13,0.2658269804441498
2015-03-16,0.2661584355319854
2015-03-17,0.26648989061982103
2015-03-18,0.2668213457076566
2015-03-19,0.2671528007954922
2015-03-20,0.2674842558833278
2015-03-23,0.2678157109711634
2015-03-24,0.268147166058999
2015-03-25,0.26847862114683463
2015-03-26,0.2688100762346702
2015-03-27,0.2691415313225058
2015-03-30,0.2694729864103414
2015-03-31,0.269804441498177
2015-04-01,0.2701358965860126
2015-04-02,0.27046735167384817
2015-04-06,0.2707988067616838
2015-04-07,0.2711302618495194
2015-04-08,0.271461716937355
2015-04-09,0.2717931720251906
2015-04-10,0.2721246271130262
2015-04-13,0.27245608220086176
2015-04-14,0.27278753728869737
2015-04-15,0.273118992376533
2015-04-16,0.2734504474643686
2015-04-17,0.2737819025522042
2015-04-20,0.2741133576400398
2015-04-21,0.27444481272787535
2015-04-22,0.27477626781571096
2015-04-23,0.27510772290354657
2015-04-24,0.2754391779913822
2015-04-27,0.2757706330792178
2015-04-28,0.27610208816705334
2015-04-29,0.27643354325488895
2015-04-30,0.27676499834272456
2015-05-01,0.27709645343056016
2015-05-04,0.27742790851839577
2015-05-05,0.2777593636062314
2015-05-06,0.27809081869406693
2015-05-07,0.27842227378190254
2015-05-08,0.27875372886973815
2015-05-11,0.27908518395757376
2015-05-12,0.27941663904540937
2015-05-13,0.2797480941332449
2015-05-14,0.2800795492210805
2015-05-15,0.28041100430891613
2015-05-18,0.28074245939675174
2015-05-19,0.28107391448458735
2015-05-20,0.28140536957242296
2015-05-21,0.2817368246602585
2015-05-22,0.2820682797480941
2015-05-26,0.2823997348359297
2015-05-27,0.28273118992376534
2015-05-28,0.28306264501160094
2015-05-29,0.28339410009943655
2015-06-01,0.2837255551872721
2015-06-02,0.2840570102751077
2015-06-03,0.2843884653629433
2015-06-04,0.28471992045077893
2015-06-05,0.28505137553861454
2015-06-08,0.2853828306264501
2015-06-09,0.2857142857142857
2015-06-10,0.2860457408021213
2015-06-11,0.2863771958899569
2015-06-12,0.2867086509777925
2015-06-15,0.28704010606562813
2015-06-16,0.2873715611534637
2015-06-17,0.2877030162412993
2015-06-18,0.2880344713291349
2015-06-19,0.2883659264169705
2015-06-22,0.2886973815048061
2015-06-23,0.2890288365926417
2015-06-24,0.2893602916804773
2015-06-25,0.2896917467683129
2015-06-26,0.2900232018561485
2015-06-29,0.2903546569439841
2015-06-30,0.2906861120318197
2015-07-01,0.29101756711965526
2015-07-02,0.29134902220749087
2015-07-06,0.2916804772953265
2015-07-07,0.2920119323831621
2015-07-08,0.2923433874709977
2015-07-09,0.2926748425588333
2015-07-10,0.29300629764666886
2015-07-13,0.29333775273450446
2015-07-14,0.2936692078223401
2015-07-15,0.2940006629101757
2015-07-16,0.2943321179980113
2015-07-17,0.29466357308584684
2015-07-20,0.29499502817368245
2015-07-21,0.29532648326151806
2015-07-22,0.29565793834935367
2015-07-23,0.2959893934371893
2015-07-24,0.2963208485250249
2015-07-27,0.29665230361286044
2015-07-28,0.29698375870069604
2015-07-29,0.29731521378853165
2015-07-30,0.29764666887636726
2015-07-31,0.29797812396420287
2015-08-03,0.2983095790520385
2015-08-04,0.29864103413987403
2015-08-05,0.29897248922770964
2015-08-06,0.29930394431554525
2015-08-07,0.29963539940338085
2015-08-10,0.29996685449121646
2015-08-11,0.300298309579052
2015-08-12,0.3006297646668876
2015-08-13,0.30096121975472323
2015-08-14,0.30129267484255884
2015-08-17,0.30162412993039445
2015-08-18,0.30195558501823005
2015-08-19,0.3022870401060656
2015-08-20,0.3026184951939012
2015-08-21,0.3029499502817368
2015-08-24,0.30328140536957243
2015-08-25,0.30361286045740804
2015-08-26,0.3039443155452436
2015-08-27,0.3042757706330792
2015-08-28,0.3046072257209148
2015-08-31,0.3049386808087504
2015-09-01,0.305270135896586
2015-09-02,0.30560159098442163
2015-09-03,0.3059330460722572
2015-09-04,0.3062645011600928
2015-09-08,0.3065959562479284
2015-09-09,0.306927411335764
2015-09-10,0.3072588664235996
2015-09-11,0.3075903215114352
2015-09-14,0.3079217765992708
2015-09-15,0.3082532316871064
2015-09-16,0.308584686774942
2015-09-17,0.3089161418627776
2015-09-18,0.3092475969506132
2015-09-21,0.30957905203844877
2015-09-22,0.3099105071262844
2015-09-23,0.31024196221412
2015-09-24,0.3105734173019556
2015-09-25,0.3109048723897912
2015-09-28,0.3112363274776268
2015-09-29,0.31156778256546236
2015-09-30,0.31189923765329797
2015-10-01,0.3122306927411336
2015-10-02,0.3125621478289692
2015-10-05,0.3128936029168048
2015-10-06,0.31322505800464034
2015-10-07,0.31355651309247595
2015-10-08,0.31388796818031156
2015-10-09,0.31421942326814717
2015-10-12,0.3145508783559828
2015-10-13,0.3148823334438184
2015-10-14,0.31521378853165394
2015-10-15,0.31554524361948955
2015-10-16,0.31587669870732515
2015-10-19,0.31620815379516076
2015-10-20,0.31653960888299637
2015-10-21,0.316871063970832
2015-10-22,0.31720251905866753
2015-10-23,0.31753397414650314
2015-10-26,0.31786542923433875
2015-10-27,0.31819688432217436
2015-10-28,0.31852833941000996
2015-10-29,0.3188597944978455
2015-10-30,0.3191912495856811
2015-11-02,0.31952270467351673
2015-11-03,0.31985415976135234
2015-11-04,0.32018561484918795
2015-11-05,0.32051706993702356
2015-11-06,0.3208485250248591
2015-11-09,0.3211799801126947
2015-11-10,0.3215114352005303
2015-11-11,0.32184289028836593
2015-11-12,0.32217434537620154
2015-11-13,0.3225058004640371
2015-11-16,0.3228372555518727
2015-11-17,0.3231687106397083
2015-11-18,0.3235001657275439
2015-11-19,0.32383162081537953
2015-11-20,0.32416307590321514
2015-11-23,0.3244945309910507
2015-11-24,0.3248259860788863
2015-11-25,0.3251574411667219
2015-11-27,0.3254888962545575
2015-11-30,0.3258203513423931
2015-12-01,0.32615180643022873
2015-12-02,0.3264832615180643
2015-12-03,0.3268147166058999
2015-12-04,0.3271461716937355
2015-12-07,0.3274776267815711
2015-12-08,0.3278090818694067
2015-12-09,0.32814053695724227
2015-12-10,0.3284719920450779
2015-12-11,0.3288034471329135
2015-12-14,0.3291349022207491
2015-12-15,0.3294663573085847
2015-12-16,0.3297978123964203
2015-12-17,0.33012926748425586
2015-12-18,0.33046072257209147
2015-12-21,0.3307921776599271
2015-12-22,0.3311236327477627
2015-12-23,0.3314550878355983
2015-12-24,0.33178654292343385
2015-12-28,0.33211799801126946
2015-12-29,0.33244945309910506
2015-12-30,0.33278090818694067
2015-12-31,0.3331123632747763
2016-01-04,0.3334438183626119
2016-01-05,0.33377527345044744
2016-01-06,0.33410672853828305
2016-01-07,0.33443818362611866
2016-01-08,0.33476963871395427
2016-01-11,0.3351010938017899
2016-01-12,0.3354325488896255
2016-01-13,0.33576400397746103
2016-01-14,0.33609545906529664
2016-01-15,0.33642691415313225
2016-01-19,0.33675836924096786
2016-01-20,0.33708982432880347
2016-01-21,0.337421279416639
2016-01-22,0.3377527345044746
2016-01-25,0.33808418959231024
2016-01-26,0.33841564468014584
2016-01-27,0.33874709976798145
2016-01-28,0.33907855485581706
2016-01-29,0.3394100099436526
2016-02-01,0.3397414650314882
2016-02-02,0.34007292011932383
2016-02-03,0.34040437520715944
2016-02-04,0.34073583029499505
2016-02-05,0.34106728538283065
2016-02-08,0.3413987404706662
2016-02-09,0.3417301955585018
2016-02-10,0.3420616506463374
2016-02-11,0.34239310573417303
2016-02-12,0.34272456082200864
2016-02-16,0.3430560159098442
2016-02-17,0.3433874709976798
2016-02-18,0.3437189260855154
2016-02-19,0.344050381173351
2016-02-22,0.3443818362611866
2016-02-23,0.34471329134902223
2016-02-24,0.3450447464368578
2016-02-25,0.3453762015246934
2016-02-26,0.345707656612529
2016-02-29,0.3460391117003646
2016-03-01,0.3463705667882002
2016-03-02,0.34670202187603577
2016-03-03,0.3470334769638714
2016-03-04,0.347364932051707
2016-03-07,0.3476963871395426
2016-03-08,0.3480278422273782
2016-03-09,0.3483592973152138
2016-03-10,0.34869075240304936
2016-03-11,0.349022207490885
2016-03-14,0.3493536625787206
2016-03-15,0.3496851176665562
2016-03-16,0.3500165727543918
2016-03-17,0.3503480278422274
2016-03-18,0.35067948293006296
2016-03-21,0.35101093801789857
2016-03-22,0.3513423931057342
2016-03-23,0.3516738481935698
2016-03-24,0.3520053032814054
2016-03-28,0.35233675836924094
2016-03-29,0.35266821345707655
2016-03-30,0.35299966854491216
2016-03-31,0.35333112363274777
2016-04-01,0.3536625787205834
2016-04-04,0.353994033808419
2016-04-05,0.35432548889625454
2016-04-06,0.35465694398409014
2016-04-07,0.35498839907192575
2016-04-08,0.35531985415976136
2016-04-11,0.35565130924759697
2016-04-12,0.3559827643354325
2016-04-13,0.35631421942326813
2016-04-14,0.35664567451110374
2016-04-15,0.35697712959893935
2016-04-18,0.35730858468677495
2016-04-19,0.35764003977461056
2016-04-20,0.3579714948624461
2016-04-21,0.3583029499502817
2016-04-22,0.35863440503811733
2016-04-25,0.35896586012595294
2016-04-26,0.35929731521378855
2016-04-27,0.35962877030162416
2016-04-28,0.3599602253894597
2016-04-29,0.3602916804772953
2016-05-02,0.3606231355651309
2016-05-03,0.36095459065296653
2016-05-04,0.36128604574080214
2016-05-05,0.3616175008286377
2016-05-06,0.3619489559164733
2016-05-09,0.3622804110043089
2016-05-10,0.3626118660921445
2016-05-11,0.3629433211799801
2016-05-12,0.36327477626781574
2016-05-13,0.3636062313556513
2016-05-16,0.3639376864434869
2016-05-17,0.3642691415313225
2016-05-18,0.3646005966191581
2016-05-19,0.3649320517069937
2016-05-20,0.3652635067948293
2016-05-23,0.3655949618826649
2016-05-24,0.3659264169705005
2016-05-25,0.3662578720583361
2016-05-26,0.3665893271461717
2016-05-27,0.3669207822340073
2016-05-31,0.36725223732184287
2016-06-01,0.3675836924096785
2016-06-02,0.3679151474975141
2016-06-03,0.3682466025853497
2016-06-06,0.3685780576731853
2016-06-07,0.3689095127610209
2016-06-08,0.36924096784885646
2016-06-09,0.36957242293669207
2016-06-10,0.3699038780245277
2016-06-13,0.3702353331123633
2016-06-14,0.3705667882001989
2016-06-15,0.37089824328803445
2016-06-16,0.37122969837587005
2016-06-17,0.37156115346370566
2016-06-20,0.37189260855154127
2016-06-21,0.3722240636393769
2016-06-22,0.3725555187272125
2016-06-23,0.37288697381504804
2016-06-24,0.37321842890288365
2016-06-27,0.37354988399071926
2016-06-28,0.37388133907855486
2016-06-29,0.37421279416639047
2016-06-30,0.374544249254226
2016-07-01,0.37487570434206163
2016-07-05,0.37520715942989724
2016-07-06,0.37553861451773285
2016-07-07,0.37587006960556846
2016-07-08,0.37620152469340407
2016-07-11,0.3765329797812396
2016-07-12,0.3768644348690752
2016-07-13,0.37719588995691083
2016-07-14,0.37752734504474644
2016-07-15,0.37785880013258205
2016-07-18,0.37819025522041766
2016-07-19,0.3785217103082532
2016-07-20,0.3788531653960888
2016-07-21,0.37918462048392443
2016-07-22,0.37951607557176004
2016-07-25,0.37984753065959564
2016-07-26,0.3801789857474312
2016-07-27,0.3805104408352668
2016-07-28,0.3808418959231024
2016-07-29,0.381173351010938
2016-08-01,0.38150480609877363
2016-08-02,0.38183626118660924
2016-08-03,0.3821677162744448
2016-08-04,0.3824991713622804
2016-08-05,0.382830626450116
2016-08-08,0.3831620815379516
2016-08-09,0.3834935366257872
2016-08-10,0.38382499171362283
2016-08-11,0.3841564468014584
2016-08-12,0.384487901889294
2016-08-15,0.3848193569771296
2016-08-16,0.3851508120649652
2016-08-17,0.3854822671528008
2016-08-18,0.38581372224063637
2016-08-19,0.386145177328472
2016-08-22,0.3864766324163076
2016-08-23,0.3868080875041432
2016-08-24,0.3871395425919788
2016-08-25,0.3874709976798144
2016-08-26,0.38780245276764996
2016-08-29,0.38813390785548557
2016-08-30,0.3884653629433212
2016-08-31,0.3887968180311568
2016-09-01,0.3891282731189924
2016-09-02,0.38945972820682795
2016-09-06,0.38979118329466356
2016-09-07,0.39012263838249917
2016-09-08,0.3904540934703348
2016-09-09,0.3907855485581704
2016-09-12,0.391117003646006
2016-09-13,0.39144845873384154
2016-09-14,0.39177991382167715
2016-09-15,0.39211136890951276
2016-09-16,0.39244282399734837
2016-09-19,0.392774279085184
2016-09-20,0.3931057341730196
2016-09-21,0.39343718926085514
2016-09-22,0.39376864434869074
2016-09-23,0.39410009943652635
2016-09-26,0.39443155452436196
2016-09-27,0.39476300961219757
2016-09-28,0.3950944647000331
2016-09-29,0.39542591978786873
2016-09-30,0.39575737487570434
2016-10-03,0.39608882996353995
2016-10-04,0.39642028505137555
2016-10-05,0.39675174013921116
2016-10-06,0.3970831952270467
2016-10-07,0.3974146503148823
2016-10-10,0.39774610540271793
2016-10-11,0.39807756049055354
2016-10-12,0.39840901557838915
2016-10-13,0.3987404706662247
2016-10-14,0.3990719257540603
2016-10-17,0.3994033808418959
2016-10-18,0.3997348359297315
2016-10-19,0.40006629101756713
2016-10-20,0.40039774610540274
2016-10-21,0.4007292011932383
2016-10-24,0.4010606562810739
2016-10-25,0.4013921113689095
2016-10-26,0.4017235664567451
2016-10-27,0.4020550215445807
2016-10-28,0.40238647663241633
2016-10-31,0.4027179317202519
2016-11-01,0.4030493868080875
2016-11-02,0.4033808418959231
2016-11-03,0.4037122969837587
2016-11-04,0.4040437520715943
2016-11-07,0.4043752071594299
2016-11-08,0.4047066622472655
2016-11-09,0.4050381173351011
2016-11-10,0.4053695724229367
2016-11-11,0.4057010275107723
2016-11-14,0.4060324825986079
2016-11-15,0.40636393768644347
2016-11-16,0.4066953927742791
2016-11-17,0.4070268478621147
2016-11-18,0.4073583029499503
2016-11-21,0.4076897580377859
2016-11-22,0.40802121312562145
2016-11-23,0.40835266821345706
2016-11-25,0.40868412330129267
2016-11-28,0.4090155783891283
2016-11-29,0.4093470334769639
2016-11-30,0.4096784885647995
2016-12-01,0.41000994365263504
2016-12-02,0.41034139874047065
2016-12-05,0.41067285382830626
2016-12-06,0.41100430891614187
2016-12-07,0.4113357640039775
2016-12-08,0.4116672190918131
2016-12-09,0.41199867417964864
2016-12-12,0.41233012926748425
2016-12-13,0.41266158435531985
2016-12-14,0.41299303944315546
2016-12-15,0.41332449453099107
2016-12-16,0.4136559496188266
2016-12-19,0.41398740470666223
2016-12-20,0.41431885979449784
2016-12-21,0.41465031488233345
2016-12-22,0.41498176997016906
2016-12-23,0.41531322505800466
2016-12-27,0.4156446801458402
2016-12-28,0.4159761352336758
2016-12-29,0.41630759032151143
2016-12-30,0.41663904540934704
2017-01-03,0.41697050049718265
2017-01-04,0.4173019555850182
2017-01-05,0.4176334106728538
2017-01-06,0.4179648657606894
2017-01-09,0.418296320848525
2017-01-10,0.41862777593636064
2017-01-11,0.41895923102419624
2017-01-12,0.4192906861120318
2017-01-13,0.4196221411998674
2017-01-17,0.419953596287703
2017-01-18,0.4202850513755386
2017-01-19,0.42061650646337423
2017-01-20,0.42094796155120984
2017-01-23,0.4212794166390454
2017-01-24,0.421610871726881
2017-01-25,0.4219423268147166
2017-01-26,0.4222737819025522
2017-01-27,0.4226052369903878
2017-01-30,0.4229366920782234
2017-01-31,0.423268147166059
2017-02-01,0.4235996022538946
2017-02-02,0.4239310573417302
2017-02-03,0.4242625124295658
2017-02-06,0.4245939675174014
2017-02-07,0.42492542260523697
2017-02-08,0.4252568776930726
2017-02-09,0.4255883327809082
2017-02-10,0.4259197878687438
2017-02-13,0.4262512429565794
2017-02-14,0.42658269804441495
2017-02-15,0.42691415313225056
2017-02-16,0.42724560822008617
2017-02-17,0.4275770633079218
2017-02-21,0.4279085183957574
2017-02-22,0.428239973483593
2017-02-23,0.42857142857142855
2017-02-24,0.42890288365926416
2017-02-27,0.42923433874709976
2017-02-28,0.42956579383493537
2017-03-01,0.429897248922771
2017-03-02,0.4302287040106066
2017-03-03,0.43056015909844214
2017-03-06,0.43089161418627775
2017-03-07,0.43122306927411336
2017-03-08,0.43155452436194897
2017-03-09,0.4318859794497846
2017-03-10,0.4322174345376201
2017-03-13,0.43254888962545573
2017-03-14,0.43288034471329134
2017-03-15,0.43321179980112695
2017-03-16,0.43354325488896256
2017-03-17,0.43387470997679817
2017-03-20,0.4342061650646337
2017-03-21,0.43453762015246933
2017-03-22,0.43486907524030494
2017-03-23,0.43520053032814054
2017-03-24,0.43553198541597615
2017-03-27,0.43586344050381176
2017-03-28,0.4361948955916473
2017-03-29,0.4365263506794829
2017-03-30,0.43685780576731853
2017-03-31,0.43718926085515414
2017-04-03,0.43752071594298975
2017-04-04,0.4378521710308253
2017-04-05,0.4381836261186609
2017-04-06,0.4385150812064965
2017-04-07,0.4388465362943321
2017-04-10,0.43917799138216773
2017-04-11,0.43950944647000334
2017-04-12,0.4398409015578389
2017-04-13,0.4401723566456745
2017-04-17,0.4405038117335101
2017-04-18,0.4408352668213457
2017-04-19,0.4411667219091813
2017-04-20,0.4414981769970169
2017-04-21,0.4418296320848525
2017-04-24,0.4421610871726881
2017-04-25,0.4424925422605237
2017-04-26,0.4428239973483593
2017-04-27,0.4431554524361949
2017-04-28,0.44348690752403047
2017-05-01,0.4438183626118661
2017-05-02,0.4441498176997017
2017-05-03,0.4444812727875373
2017-05-04,0.4448127278753729
2017-05-05,0.4451441829632085
2017-05-08,0.44547563805104406
2017-05-09,0.4458070931388797
2017-05-10,0.4461385482267153
2017-05-11,0.4464700033145509
2017-05-12,0.4468014584023865
2017-05-15,0.44713291349022205
2017-05-16,0.44746436857805766
2017-05-17,0.44779582366589327
2017-05-18,0.4481272787537289
2017-05-19,0.4484587338415645
2017-05-22,0.4487901889294001
2017-05-23,0.44912164401723564
2017-05-24,0.44945309910507125
2017-05-25,0.44978455419290686
2017-05-26,0.45011600928074247
2017-05-30,0.4504474643685781
2017-05-31,0.45077891945641363
2017-06-01,0.45111037454424924
2017-06-02,0.45144182963208485
2017-06-05,0.45177328471992045
2017-06-06,0.45210473980775606
2017-06-07,0.45243619489559167
2017-06-08,0.4527676499834272
2017-06-09,0.45309910507126283
2017-06-12,0.45343056015909844
2017-06-13,0.45376201524693405
2017-06-14,0.45409347033476966
2017-06-15,0.45442492542260526
2017-06-16,0.4547563805104408
2017-06-19,0.4550878355982764
2017-06-20,0.45541929068611203
2017-06-21,0.45575074577394764
2017-06-22,0.45608220086178325
2017-06-23,0.4564136559496188
2017-06-26,0.4567451110374544
2017-06-27,0.45707656612529
2017-06-28,0.4574080212131256
2017-06-29,0.45773947630096123
2017-06-30,0.45807093138879684
2017-07-03,0.4584023864766324
2017-07-05,0.458733841564468
2017-07-06,0.4590652966523036
2017-07-07,0.4593967517401392
2017-07-10,0.45972820682797483
2017-07-11,0.4600596619158104
2017-07-12,0.460391117003646
2017-07-13,0.4607225720914816
2017-07-14,0.4610540271793172
2017-07-17,0.4613854822671528
2017-07-18,0.4617169373549884
2017-07-19,0.462048392442824
2017-07-20,0.4623798475306596
2017-07-21,0.4627113026184952
2017-07-24,0.4630427577063308
2017-07-25,0.4633742127941664
2017-07-26,0.463705667882002
2017-07-27,0.46403712296983757
2017-07-28,0.4643685780576732
2017-07-31,0.4647000331455088
2017-08-01,0.4650314882333444
2017-08-02,0.46536294332118
2017-08-03,0.46569439840901555
2017-08-04,0.46602585349685116
2017-08-07,0.46635730858468677
2017-08-08,0.4666887636725224
2017-08-09,0.467020218760358
2017-08-10,0.4673516738481936
2017-08-11,0.46768312893602915
2017-08-14,0.46801458402386475
2017-08-15,0.46834603911170036
2017-08-16,0.46867749419953597
2017-08-17,0.4690089492873716
2017-08-18,0.46934040437520713
2017-08-21,0.46967185946304274
2017-08-22,0.47000331455087835
2017-08-23,0.47033476963871396
2017-08-24,0.47066622472654956
2017-08-25,0.4709976798143852
2017-08-28,0.4713291349022207
2017-08-29,0.47166058999005633
2017-08-30,0.47199204507789194
2017-08-31,0.47232350016572755
2017-09-01,0.47265495525356316
2017-09-05,0.47298641034139877
2017-09-06,0.4733178654292343
2017-09-07,0.4736493205170699
2017-09-08,0.47398077560490554
2017-09-11,0.47431223069274114
2017-09-12,0.47464368578057675
2017-09-13,0.4749751408684123
2017-09-14,0.4753065959562479
2017-09-15,0.4756380510440835
2017-09-18,0.47596950613191913
2017-09-19,0.47630096121975474
2017-09-20,0.47663241630759035
2017-09-21,0.4769638713954259
2017-09-22,0.4772953264832615
2017-09-25,0.4776267815710971
2017-09-26,0.4779582366589327
2017-09-27,0.47828969174676833
2017-09-28,0.47862114683460394
2017-09-29,0.4789526019224395
2017-10-02,0.4792840570102751
2017-10-03,0.4796155120981107
2017-10-04,0.4799469671859463
2017-10-05,0.4802784222737819
2017-10-06,0.4806098773616175
2017-10-09,0.4809413324494531
2017-10-10,0.4812727875372887
2017-10-11,0.4816042426251243
2017-10-12,0.4819356977129599
2017-10-13,0.4822671528007955
2017-10-16,0.48259860788863107
2017-10-17,0.4829300629764667
2017-10-18,0.4832615180643023
2017-10-19,0.4835929731521379
2017-10-20,0.4839244282399735
2017-10-23,0.48425588332780906
2017-10-24,0.48458733841564466
2017-10-25,0.48491879350348027
2017-10-26,0.4852502485913159
2017-10-27,0.4855817036791515
2017-10-30,0.4859131587669871
2017-10-31,0.48624461385482265
2017-11-01,0.48657606894265826
2017-11-02,0.48690752403049387
2017-11-03,0.4872389791183295
2017-11-06,0.4875704342061651
2017-11-07,0.4879018892940007
2017-11-08,0.48823334438183624
2017-11-09,0.48856479946967185
2017-11-10,0.48889625455750746
2017-11-13,0.48922770964534307
2017-11-14,0.4895591647331787
2017-11-15,0.48989061982101423
2017-11-16,0.49022207490884984
2017-11-17,0.49055352999668544
2017-11-20,0.49088498508452105
2017-11-21,0.49121644017235666
2017-11-22,0.49154789526019227
2017-11-24,0.4918793503480278
2017-11-27,0.49221080543586343
2017-11-28,0.49254226052369904
2017-11-29,0.49287371561153465
2017-11-30,0.49320517069937025
2017-12-01,0.4935366257872058
2017-12-04,0.4938680808750414
2017-12-05,0.494199535962877
2017-12-06,0.49453099105071263
2017-12-07,0.49486244613854824
2017-12-08,0.49519390122638385
2017-12-11,0.4955253563142194
2017-12-12,0.495856811402055
2017-12-13,0.4961882664898906
2017-12-14,0.4965197215777262
2017-12-15,0.49685117666556183
2017-12-18,0.49718263175339744
2017-12-19,0.497514086841233
2017-12-20,0.4978455419290686
2017-12-21,0.4981769970169042
2017-12-22,0.4985084521047398
2017-12-26,0.4988399071925754
2017-12-27,0.499171362280411
2017-12-28,0.4995028173682466
2017-12-29,0.4998342724560822
2018-01-02,0.5001657275439177
2018-01-03,0.5004971826317534
2018-01-04,0.500828637719589
2018-01-05,0.5011600928074246
2018-01-08,0.5014915478952602
2018-01-09,0.5018230029830958
2018-01-10,0.5021544580709314
2018-01-11,0.502485913158767
2018-01-12,0.5028173682466026
2018-01-16,0.5031488233344382
2018-01-17,0.5034802784222738
2018-01-18,0.5038117335101093
2018-01-19,0.5041431885979449
2018-01-22,0.5044746436857805
2018-01-23,0.5048060987736162
2018-01-24,0.5051375538614518
2018-01-25,0.5054690089492874
2018-01-26,0.505800464037123
2018-01-29,0.5061319191249586
2018-01-30,0.5064633742127942
2018-01-31,0.5067948293006298
2018-02-01,0.5071262843884654
2018-02-02,0.5074577394763009
2018-02-05,0.5077891945641365
2018-02-06,0.5081206496519721
2018-02-07,0.5084521047398077
2018-02-08,0.5087835598276433
2018-02-09,0.509115014915479
2018-02-12,0.5094464700033146
2018-02-13,0.5097779250911502
2018-02-14,0.5101093801789858
2018-02-15,0.5104408352668214
2018-02-16,0.510772290354657
2018-02-20,0.5111037454424926
2018-02-21,0.5114352005303281
2018-02-22,0.5117666556181637
2018-02-23,0.5120981107059993
2018-02-26,0.5124295657938349
2018-02-27,0.5127610208816705
2018-02-28,0.5130924759695061
2018-03-01,0.5134239310573417
2018-03-02,0.5137553861451774
2018-03-05,0.514086841233013
2018-03-06,0.5144182963208486
2018-03-07,0.5147497514086842
2018-03-08,0.5150812064965197
2018-03-09,0.5154126615843553
2018-03-12,0.5157441166721909
2018-03-13,0.5160755717600265
2018-03-14,0.5164070268478621
2018-03-15,0.5167384819356977
2018-03-16,0.5170699370235333
2018-03-19,0.5174013921113689
2018-03-20,0.5177328471992045
2018-03-21,0.5180643022870401
2018-03-22,0.5183957573748758
2018-03-23,0.5187272124627113
2018-03-26,0.5190586675505469
2018-03-27,0.5193901226383825
2018-03-28,0.5197215777262181
2018-03-29,0.5200530328140537
2018-04-02,0.5203844879018893
2018-04-03,0.5207159429897249
2018-04-04,0.5210473980775605
2018-04-05,0.5213788531653961
2018-04-06,0.5217103082532317
2018-04-09,0.5220417633410673
2018-04-10,0.5223732184289028
2018-04-11,0.5227046735167384
2018-04-12,0.523036128604574
2018-04-13,0.5233675836924097
2018-04-16,0.5236990387802453
2018-04-17,0.5240304938680809
2018-04-18,0.5243619489559165
2018-04-19,0.5246934040437521
2018-04-20,0.5250248591315877
2018-04-23,0.5253563142194233
2018-04-24,0.5256877693072589
2018-04-25,0.5260192243950945
2018-04-26,0.52635067948293
2018-04-27,0.5266821345707656
2018-04-30,0.5270135896586012
2018-05-01,0.5273450447464368
2018-05-02,0.5276764998342724
2018-05-03,0.5280079549221081
2018-05-04,0.5283394100099437
2018-05-07,0.5286708650977793
2018-05-08,0.5290023201856149
2018-05-09,0.5293337752734505
2018-05-10,0.5296652303612861
2018-05-11,0.5299966854491216
2018-05-14,0.5303281405369572
2018-05-15,0.5306595956247928
2018-05-16,0.5309910507126284
2018-05-17,0.531322505800464
2018-05-18,0.5316539608882996
2018-05-21,0.5319854159761352
2018-05-22,0.5323168710639709
2018-05-23,0.5326483261518065
2018-05-24,0.5329797812396421
2018-05-25,0.5333112363274777
2018-05-29,0.5336426914153132
2018-05-30,0.5339741465031488
2018-05-31,0.5343056015909844
2018-06-01,0.53463705667882
2018-06-04,0.5349685117666556
2018-06-05,0.5352999668544912
2018-06-06,0.5356314219423268
2018-06-07,0.5359628770301624
2018-06-08,0.536294332117998
2018-06-11,0.5366257872058336
2018-06-12,0.5369572422936693
2018-06-13,0.5372886973815048
2018-06-14,0.5376201524693404
2018-06-15,0.537951607557176
2018-06-18,0.5382830626450116
2018-06-19,0.5386145177328472
2018-06-20,0.5389459728206828
2018-06-21,0.5392774279085184
2018-06-22,0.539608882996354
2018-06-25,0.5399403380841896
2018-06-26,0.5402717931720252
2018-06-27,0.5406032482598608
2018-06-28,0.5409347033476963
2018-06-29,0.5412661584355319
2018-07-02,0.5415976135233675
2018-07-03,0.5419290686112032
2018-07-05,0.5422605236990388
2018-07-06,0.5425919787868744
2018-07-09,0.54292343387471
2018-07-10,0.5432548889625456
2018-07-11,0.5435863440503812
2018-07-12,0.5439177991382168
2018-07-13,0.5442492542260524
2018-07-16,0.544580709313888
2018-07-17,0.5449121644017235
2018-07-18,0.5452436194895591
2018-07-19,0.5455750745773947
2018-07-20,0.5459065296652303
2018-07-23,0.546237984753066
2018-07-24,0.5465694398409016
2018-07-25,0.5469008949287372
2018-07-26,0.5472323500165728
2018-07-27,0.5475638051044084
2018-07-30,0.547895260192244
2018-07-31,0.5482267152800796
2018-08-01,0.5485581703679151
2018-08-02,0.5488896254557507
2018-08-03,0.5492210805435863
2018-08-06,0.5495525356314219
2018-08-07,0.5498839907192575
2018-08-08,0.5502154458070931
2018-08-09,0.5505469008949287
2018-08-10,0.5508783559827644
2018-08-13,0.5512098110706
2018-08-14,0.5515412661584356
2018-08-15,0.5518727212462712
2018-08-16,0.5522041763341067
2018-08-17,0.5525356314219423
2018-08-20,0.5528670865097779
2018-08-21,0.5531985415976135
2018-08-22,0.5535299966854491
2018-08-23,0.5538614517732847
2018-08-24,0.5541929068611203
2018-08-27,0.5545243619489559
2018-08-28,0.5548558170367915
2018-08-29,0.5551872721246272
2018-08-30,0.5555187272124628
2018-08-31,0.5558501823002983
2018-09-04,0.5561816373881339
2018-09-05,0.5565130924759695
2018-09-06,0.5568445475638051
2018-09-07,0.5571760026516407
2018-09-10,0.5575074577394763
2018-09-11,0.5578389128273119
2018-09-12,0.5581703679151475
2018-09-13,0.5585018230029831
2018-09-14,0.5588332780908187
2018-09-17,0.5591647331786543
2018-09-18,0.5594961882664898
2018-09-19,0.5598276433543254
2018-09-20,0.560159098442161
2018-09-21,0.5604905535299967
2018-09-24,0.5608220086178323
2018-09-25,0.5611534637056679
2018-09-26,0.5614849187935035
2018-09-27,0.5618163738813391
2018-09-28,0.5621478289691747
2018-10-01,0.5624792840570103
2018-10-02,0.5628107391448459
2018-10-03,0.5631421942326815
2018-10-04,0.563473649320517
2018-10-05,0.5638051044083526
2018-10-08,0.5641365594961882
2018-10-09,0.5644680145840238
2018-10-10,0.5647994696718595
2018-10-11,0.5651309247596951
2018-10-12,0.5654623798475307
2018-10-15,0.5657938349353663
2018-10-16,0.5661252900232019
2018-10-17,0.5664567451110375
2018-10-18,0.5667882001988731
2018-10-19,0.5671196552867086
2018-10-22,0.5674511103745442
2018-10-23,0.5677825654623798
2018-10-24,0.5681140205502154
2018-10-25,0.568445475638051
2018-10-26,0.5687769307258866
2018-10-29,0.5691083858137223
2018-10-30,0.5694398409015579
2018-10-31,0.5697712959893935
2018-11-01,0.5701027510772291
2018-11-02,0.5704342061650647
2018-11-05,0.5707656612529002
2018-11-06,0.5710971163407358
2018-11-07,0.5714285714285714
2018-11-08,0.571760026516407
2018-11-09,0.5720914816042426
2018-11-12,0.5724229366920782
2018-11-13,0.5727543917799138
2018-11-14,0.5730858468677494
2018-11-15,0.573417301955585
2018-11-16,0.5737487570434207
2018-11-19,0.5740802121312563
2018-11-20,0.5744116672190918
2018-11-21,0.5747431223069274
2018-11-23,0.575074577394763
2018-11-26,0.5754060324825986
2018-11-27,0.5757374875704342
2018-11-28,0.5760689426582698
2018-11-29,0.5764003977461054
2018-11-30,0.576731852833941
2018-12-03,0.5770633079217766
2018-12-04,0.5773947630096122
2018-12-06,0.5777262180974478
2018-12-07,0.5780576731852834
2018-12-10,0.578389128273119
2018-12-11,0.5787205833609546
2018-12-12,0.5790520384487902
2018-12-13,0.5793834935366258
2018-12-14,0.5797149486244614
2018-12-17,0.580046403712297
2018-12-18,0.5803778588001326
2018-12-19,0.5807093138879682
2018-12-20,0.5810407689758038
2018-12-21,0.5813722240636394
2018-12-24,0.581703679151475
2018-12-26,0.5820351342393105
2018-12-27,0.5823665893271461
2018-12-28,0.5826980444149817
2018-12-31,0.5830294995028173
2019-01-02,0.583360954590653
2019-01-03,0.5836924096784886
2019-01-04,0.5840238647663242
2019-01-07,0.5843553198541598
2019-01-08,0.5846867749419954
2019-01-09,0.585018230029831
2019-01-10,0.5853496851176666
2019-01-11,0.5856811402055021
2019-01-14,0.5860125952933377
2019-01-15,0.5863440503811733
2019-01-16,0.5866755054690089
2019-01-17,0.5870069605568445
2019-01-18,0.5873384156446801
2019-01-22,0.5876698707325158
2019-01-23,0.5880013258203514
2019-01-24,0.588332780908187
2019-01-25,0.5886642359960226
2019-01-28,0.5889956910838582
2019-01-29,0.5893271461716937
2019-01-30,0.5896586012595293
2019-01-31,0.5899900563473649
2019-02-01,0.5903215114352005
2019-02-04,0.5906529665230361
2019-02-05,0.5909844216108717
2019-02-06,0.5913158766987073
2019-02-07,0.5916473317865429
2019-02-08,0.5919787868743785
2019-02-11,0.5923102419622142
2019-02-12,0.5926416970500498
2019-02-13,0.5929731521378853
2019-02-14,0.5933046072257209
2019-02-15,0.5936360623135565
2019-02-19,0.5939675174013921
2019-02-20,0.5942989724892277
2019-02-21,0.5946304275770633
2019-02-22,0.5949618826648989
2019-02-25,0.5952933377527345
2019-02-26,0.5956247928405701
2019-02-27,0.5959562479284057
2019-02-28,0.5962877030162413
2019-03-01,0.596619158104077
2019-03-04,0.5969506131919124
2019-03-05,0.5972820682797481
2019-03-06,0.5976135233675837
2019-03-07,0.5979449784554193
2019-03-08,0.5982764335432549
2019-03-11,0.5986078886310905
2019-03-12,0.5989393437189261
2019-03-13,0.5992707988067617
2019-03-14,0.5996022538945973
2019-03-15,0.5999337089824329
2019-03-18,0.6002651640702685
2019-03-19,0.600596619158104
2019-03-20,0.6009280742459396
2019-03-21,0.6012595293337752
2019-03-22,0.6015909844216109
2019-03-25,0.6019224395094465
2019-03-26,0.6022538945972821
2019-03-27,0.6025853496851177
2019-03-28,0.6029168047729533
2019-03-29,0.6032482598607889
2019-04-01,0.6035797149486245
2019-04-02,0.6039111700364601
2019-04-03,0.6042426251242956
2019-04-04,0.6045740802121312
2019-04-05,0.6049055352999668
2019-04-08,0.6052369903878024
2019-04-09,0.605568445475638
2019-04-10,0.6058999005634736
2019-04-11,0.6062313556513093
2019-04-12,0.6065628107391449
2019-04-15,0.6068942658269805
2019-04-16,0.6072257209148161
2019-04-17,0.6075571760026517
2019-04-18,0.6078886310904872
2019-04-22,0.6082200861783228
2019-04-23,0.6085515412661584
2019-04-24,0.608882996353994
2019-04-25,0.6092144514418296
2019-04-26,0.6095459065296652
2019-04-29,0.6098773616175008
2019-04-30,0.6102088167053364
2019-05-01,0.610540271793172
2019-05-02,0.6108717268810077
2019-05-03,0.6112031819688433
2019-05-06,0.6115346370566788
2019-05-07,0.6118660921445144
2019-05-08,0.61219754723235
2019-05-09,0.6125290023201856
2019-05-10,0.6128604574080212
2019-05-13,0.6131919124958568
2019-05-14,0.6135233675836924
2019-05-15,0.613854822671528
2019-05-16,0.6141862777593636
2019-05-17,0.6145177328471992
2019-05-20,0.6148491879350348
2019-05-21,0.6151806430228705
2019-05-22,0.615512098110706
2019-05-23,0.6158435531985416
2019-05-24,0.6161750082863772
2019-05-28,0.6165064633742128
2019-05-29,0.6168379184620484
2019-05-30,0.617169373549884
2019-05-31,0.6175008286377196
2019-06-03,0.6178322837255552
2019-06-04,0.6181637388133908
2019-06-05,0.6184951939012264
2019-06-06,0.618826648989062
2019-06-07,0.6191581040768975
2019-06-10,0.6194895591647331
2019-06-11,0.6198210142525687
2019-06-12,0.6201524693404044
2019-06-13,0.62048392442824
2019-06-14,0.6208153795160756
2019-06-17,0.6211468346039112
2019-06-18,0.6214782896917468
2019-06-19,0.6218097447795824
2019-06-20,0.622141199867418
2019-06-21,0.6224726549552536
2019-06-24,0.6228041100430891
2019-06-25,0.6231355651309247
2019-06-26,0.6234670202187603
2019-06-27,0.6237984753065959
2019-06-28,0.6241299303944315
2019-07-01,0.6244613854822672
2019-07-02,0.6247928405701028
2019-07-03,0.6251242956579384
2019-07-05,0.625455750745774
2019-07-08,0.6257872058336096
2019-07-09,0.6261186609214452
2019-07-10,0.6264501160092807
2019-07-11,0.6267815710971163
2019-07-12,0.6271130261849519
2019-07-15,0.6274444812727875
2019-07-16,0.6277759363606231
2019-07-17,0.6281073914484587
2019-07-18,0.6284388465362943
2019-07-19,0.62877030162413
2019-07-22,0.6291017567119656
2019-07-23,0.6294332117998012
2019-07-24,0.6297646668876368
2019-07-25,0.6300961219754724
2019-07-26,0.6304275770633079
2019-07-29,0.6307590321511435
2019-07-30,0.6310904872389791
2019-07-31,0.6314219423268147
2019-08-01,0.6317533974146503
2019-08-02,0.6320848525024859
2019-08-05,0.6324163075903215
2019-08-06,0.6327477626781571
2019-08-07,0.6330792177659927
2019-08-08,0.6334106728538283
2019-08-09,0.633742127941664
2019-08-12,0.6340735830294995
2019-08-13,0.6344050381173351
2019-08-14,0.6347364932051707
2019-08-15,0.6350679482930063
2019-08-16,0.6353994033808419
2019-08-19,0.6357308584686775
2019-08-20,0.6360623135565131
2019-08-21,0.6363937686443487
2019-08-22,0.6367252237321843
2019-08-23,0.6370566788200199
2019-08-26,0.6373881339078555
2019-08-27,0.637719588995691
2019-08-28,0.6380510440835266
2019-08-29,0.6383824991713622
2019-08-30,0.6387139542591979
2019-09-03,0.6390454093470335
2019-09-04,0.6393768644348691
2019-09-05,0.6397083195227047
2019-09-06,0.6400397746105403
2019-09-09,0.6403712296983759
2019-09-10,0.6407026847862115
2019-09-11,0.6410341398740471
2019-09-12,0.6413655949618826
2019-09-13,0.6416970500497182
2019-09-16,0.6420285051375538
2019-09-17,0.6423599602253894
2019-09-18,0.642691415313225
2019-09-19,0.6430228704010607
2019-09-20,0.6433543254888963
2019-09-23,0.6436857805767319
2019-09-24,0.6440172356645675
2019-09-25,0.6443486907524031
2019-09-26,0.6446801458402387
2019-09-27,0.6450116009280742
2019-09-30,0.6453430560159098
2019-10-01,0.6456745111037454
2019-10-02,0.646005966191581
2019-10-03,0.6463374212794166
2019-10-04,0.6466688763672522
2019-10-07,0.6470003314550878
2019-10-08,0.6473317865429234
2019-10-09,0.6476632416307591
2019-10-10,0.6479946967185947
2019-10-11,0.6483261518064303
2019-10-14,0.6486576068942659
2019-10-15,0.6489890619821014
2019-10-16,0.649320517069937
2019-10-17,0.6496519721577726
2019-10-18,0.6499834272456082
2019-10-21,0.6503148823334438
2019-10-22,0.6506463374212794
2019-10-23,0.650977792509115
2019-10-24,0.6513092475969506
2019-10-25,0.6516407026847862
2019-10-28,0.6519721577726219
2019-10-29,0.6523036128604575
2019-10-30,0.652635067948293
2019-10-31,0.6529665230361286
2019-11-01,0.6532979781239642
2019-11-04,0.6536294332117998
2019-11-05,0.6539608882996354
2019-11-06,0.654292343387471
2019-11-07,0.6546237984753066
2019-11-08,0.6549552535631422
2019-11-11,0.6552867086509778
2019-11-12,0.6556181637388134
2019-11-13,0.655949618826649
2019-11-14,0.6562810739144845
2019-11-15,0.6566125290023201
2019-11-18,0.6569439840901558
2019-11-19,0.6572754391779914
2019-11-20,0.657606894265827
2019-11-21,0.6579383493536626
2019-11-22,0.6582698044414982
2019-11-25,0.6586012595293338
2019-11-26,0.6589327146171694
2019-11-27,0.659264169705005
2019-11-29,0.6595956247928406
2019-12-02,0.6599270798806761
2019-12-03,0.6602585349685117
2019-12-04,0.6605899900563473
2019-12-05,0.6609214451441829
2019-12-06,0.6612529002320185
2019-12-09,0.6615843553198542
2019-12-10,0.6619158104076898
2019-12-11,0.6622472654955254
2019-12-12,0.662578720583361
2019-12-13,0.6629101756711966
2019-12-16,0.6632416307590322
2019-12-17,0.6635730858468677
2019-12-18,0.6639045409347033
2019-12-19,0.6642359960225389
2019-12-20,0.6645674511103745
2019-12-23,0.6648989061982101
2019-12-24,0.6652303612860457
2019-12-26,0.6655618163738813
2019-12-27,0.665893271461717
2019-12-30,0.6662247265495526
2019-12-31,0.6665561816373882
2020-01-02,0.6668876367252238
2020-01-03,0.6672190918130594
2020-01-06,0.6675505469008949
2020-01-07,0.6678820019887305
2020-01-08,0.6682134570765661
2020-01-09,0.6685449121644017
2020-01-10,0.6688763672522373
2020-01-13,0.6692078223400729
2020-01-14,0.6695392774279085
2020-01-15,0.6698707325157441
2020-01-16,0.6702021876035797
2020-01-17,0.6705336426914154
2020-01-21,0.670865097779251
2020-01-22,0.6711965528670865
2020-01-23,0.6715280079549221
2020-01-24,0.6718594630427577
2020-01-27,0.6721909181305933
2020-01-28,0.6725223732184289
2020-01-29,0.6728538283062645
2020-01-30,0.6731852833941001
2020-01-31,0.6735167384819357
2020-02-03,0.6738481935697713
2020-02-04,0.6741796486576069
2020-02-05,0.6745111037454425
2020-02-06,0.674842558833278
2020-02-07,0.6751740139211136
2020-02-10,0.6755054690089493
2020-02-11,0.6758369240967849
2020-02-12,0.6761683791846205
2020-02-13,0.6764998342724561
2020-02-14,0.6768312893602917
2020-02-18,0.6771627444481273
2020-02-19,0.6774941995359629
2020-02-20,0.6778256546237985
2020-02-21,0.6781571097116341
2020-02-24,0.6784885647994696
2020-02-25,0.6788200198873052
2020-02-26,0.6791514749751408
2020-02-27,0.6794829300629764
2020-02-28,0.679814385150812
2020-03-02,0.6801458402386477
2020-03-03,0.6804772953264833
2020-03-04,0.6808087504143189
2020-03-05,0.6811402055021545
2020-03-06,0.6814716605899901
2020-03-09,0.6818031156778257
2020-03-10,0.6821345707656613
2020-03-11,0.6824660258534968
2020-03-12,0.6827974809413324
2020-03-13,0.683128936029168
2020-03-16,0.6834603911170036
2020-03-17,0.6837918462048392
2020-03-18,0.6841233012926748
2020-03-19,0.6844547563805105
2020-03-20,0.6847862114683461
2020-03-23,0.6851176665561817
2020-03-24,0.6854491216440173
2020-03-25,0.6857805767318529
2020-03-26,0.6861120318196884
2020-03-27,0.686443486907524
2020-03-30,0.6867749419953596
2020-03-31,0.6871063970831952
2020-04-01,0.6874378521710308
2020-04-02,0.6877693072588664
2020-04-03,0.688100762346702
2020-04-06,0.6884322174345376
2020-04-07,0.6887636725223732
2020-04-08,0.6890951276102089
2020-04-09,0.6894265826980445
2020-04-13,0.68975803778588
2020-04-14,0.6900894928737156
2020-04-15,0.6904209479615512
2020-04-16,0.6907524030493868
2020-04-17,0.6910838581372224
2020-04-20,0.691415313225058
2020-04-21,0.6917467683128936
2020-04-22,0.6920782234007292
2020-04-23,0.6924096784885648
2020-04-24,0.6927411335764004
2020-04-27,0.693072588664236
2020-04-28,0.6934040437520715
2020-04-29,0.6937354988399071
2020-04-30,0.6940669539277428
2020-05-01,0.6943984090155784
2020-05-04,0.694729864103414
2020-05-05,0.6950613191912496
2020-05-06,0.6953927742790852
2020-05-07,0.6957242293669208
2020-05-08,0.6960556844547564
2020-05-11,0.696387139542592
2020-05-12,0.6967185946304276
2020-05-13,0.6970500497182631
2020-05-14,0.6973815048060987
2020-05-15,0.6977129598939343
2020-05-18,0.69804441498177
2020-05-19,0.6983758700696056
2020-05-20,0.6987073251574412
2020-05-21,0.6990387802452768
2020-05-22,0.6993702353331124
2020-05-26,0.699701690420948
2020-05-27,0.7000331455087836
2020-05-28,0.7003646005966192
2020-05-29,0.7006960556844548
2020-06-01,0.7010275107722903
2020-06-02,0.7013589658601259
2020-06-03,0.7016904209479615
2020-06-04,0.7020218760357971
2020-06-05,0.7023533311236327
2020-06-08,0.7026847862114683
2020-06-09,0.703016241299304
2020-06-10,0.7033476963871396
2020-06-11,0.7036791514749752
2020-06-12,0.7040106065628108
2020-06-15,0.7043420616506464
2020-06-16,0.7046735167384819
2020-06-17,0.7050049718263175
2020-06-18,0.7053364269141531
2020-06-19,0.7056678820019887
2020-06-22,0.7059993370898243
2020-06-23,0.7063307921776599
2020-06-24,0.7066622472654955
2020-06-25,0.7069937023533311
2020-06-26,0.7073251574411668
2020-06-29,0.7076566125290024
2020-06-30,0.707988067616838
2020-07-01,0.7083195227046735
2020-07-02,0.7086509777925091
2020-07-06,0.7089824328803447
2020-07-07,0.7093138879681803
2020-07-08,0.7096453430560159
2020-07-09,0.7099767981438515
2020-07-10,0.7103082532316871
2020-07-13,0.7106397083195227
2020-07-14,0.7109711634073583
2020-07-15,0.7113026184951939
2020-07-16,0.7116340735830295
2020-07-17,0.711965528670865
2020-07-20,0.7122969837587007
2020-07-21,0.7126284388465363
2020-07-22,0.7129598939343719
2020-07-23,0.7132913490222075
2020-07-24,0.7136228041100431
2020-07-27,0.7139542591978787
2020-07-28,0.7142857142857143
2020-07-29,0.7146171693735499
2020-07-30,0.7149486244613855
2020-07-31,0.7152800795492211
2020-08-03,0.7156115346370567
2020-08-04,0.7159429897248922
2020-08-05,0.7162744448127278
2020-08-06,0.7166058999005634
2020-08-07,0.7169373549883991
2020-08-10,0.7172688100762347
2020-08-11,0.7176002651640703
2020-08-12,0.7179317202519059
2020-08-13,0.7182631753397415
2020-08-14,0.7185946304275771
2020-08-17,0.7189260855154127
2020-08-18,0.7192575406032483
2020-08-19,0.7195889956910838
2020-08-20,0.7199204507789194
2020-08-21,0.720251905866755
2020-08-24,0.7205833609545906
2020-08-25,0.7209148160424262
2020-08-26,0.7212462711302619
2020-08-27,0.7215777262180975
2020-08-28,0.7219091813059331
2020-08-31,0.7222406363937687
2020-09-01,0.7225720914816043
2020-09-02,0.7229035465694399
2020-09-03,0.7232350016572754
2020-09-04,0.723566456745111
2020-09-08,0.7238979118329466
2020-09-09,0.7242293669207822
2020-09-10,0.7245608220086178
2020-09-11,0.7248922770964534
2020-09-14,0.725223732184289
2020-09-15,0.7255551872721246
2020-09-16,0.7258866423599603
2020-09-17,0.7262180974477959
2020-09-18,0.7265495525356315
2020-09-21,0.726881007623467
2020-09-22,0.7272124627113026
2020-09-23,0.7275439177991382
2020-09-24,0.7278753728869738
2020-09-25,0.7282068279748094
2020-09-28,0.728538283062645
2020-09-29,0.7288697381504806
2020-09-30,0.7292011932383162
2020-10-01,0.7295326483261518
2020-10-02,0.7298641034139874
2020-10-05,0.730195558501823
2020-10-06,0.7305270135896585
2020-10-07,0.7308584686774942
2020-10-08,0.7311899237653298
2020-10-09,0.7315213788531654
2020-10-12,0.731852833941001
2020-10-13,0.7321842890288366
2020-10-14,0.7325157441166722
2020-10-15,0.7328471992045078
2020-10-16,0.7331786542923434
2020-10-19,0.733510109380179
2020-10-20,0.7338415644680146
2020-10-21,0.7341730195558502
2020-10-22,0.7345044746436857
2020-10-23,0.7348359297315213
2020-10-26,0.735167384819357
2020-10-27,0.7354988399071926
2020-10-28,0.7358302949950282
2020-10-29,0.7361617500828638
2020-10-30,0.7364932051706994
2020-11-02,0.736824660258535
2020-11-03,0.7371561153463706
2020-11-04,0.7374875704342062
2020-11-05,0.7378190255220418
2020-11-06,0.7381504806098773
2020-11-09,0.7384819356977129
2020-11-10,0.7388133907855485
2020-11-11,0.7391448458733841
2020-11-12,0.7394763009612197
2020-11-13,0.7398077560490554
2020-11-16,0.740139211136891
2020-11-17,0.7404706662247266
2020-11-18,0.7408021213125622
2020-11-19,0.7411335764003978
2020-11-20,0.7414650314882334
2020-11-23,0.7417964865760689
2020-11-24,0.7421279416639045
2020-11-25,0.7424593967517401
2020-11-27,0.7427908518395757
2020-11-30,0.7431223069274113
2020-12-01,0.7434537620152469
2020-12-02,0.7437852171030825
2020-12-03,0.7441166721909181
2020-12-04,0.7444481272787538
2020-12-07,0.7447795823665894
2020-12-08,0.745111037454425
2020-12-09,0.7454424925422605
2020-12-10,0.7457739476300961
2020-12-11,0.7461054027179317
2020-12-14,0.7464368578057673
2020-12-15,0.7467683128936029
2020-12-16,0.7470997679814385
2020-12-17,0.7474312230692741
2020-12-18,0.7477626781571097
2020-12-21,0.7480941332449453
2020-12-22,0.7484255883327809
2020-12-23,0.7487570434206166
2020-12-24,0.749088498508452
2020-12-28,0.7494199535962877
2020-12-29,0.7497514086841233
2020-12-30,0.7500828637719589
2020-12-31,0.7504143188597945
2021-01-04,0.7507457739476301
2021-01-05,0.7510772290354657
2021-01-06,0.7514086841233013
2021-01-07,0.7517401392111369
2021-01-08,0.7520715942989725
2021-01-11,0.7524030493868081
2021-01-12,0.7527345044746437
2021-01-13,0.7530659595624792
2021-01-14,0.7533974146503148
2021-01-15,0.7537288697381505
2021-01-19,0.7540603248259861
2021-01-20,0.7543917799138217
2021-01-21,0.7547232350016573
2021-01-22,0.7550546900894929
2021-01-25,0.7553861451773285
2021-01-26,0.7557176002651641
2021-01-27,0.7560490553529997
2021-01-28,0.7563805104408353
2021-01-29,0.7567119655286708
2021-02-01,0.7570434206165064
2021-02-02,0.757374875704342
2021-02-03,0.7577063307921776
2021-02-04,0.7580377858800132
2021-02-05,0.7583692409678489
2021-02-08,0.7587006960556845
2021-02-09,0.7590321511435201
2021-02-10,0.7593636062313557
2021-02-11,0.7596950613191913
2021-02-12,0.7600265164070269
2021-02-16,0.7603579714948624
2021-02-17,0.760689426582698
2021-02-18,0.7610208816705336
2021-02-19,0.7613523367583692
2021-02-22,0.7616837918462048
2021-02-23,0.7620152469340404
2021-02-24,0.762346702021876
2021-02-25,0.7626781571097117
2021-02-26,0.7630096121975473
2021-03-01,0.7633410672853829
2021-03-02,0.7636725223732185
2021-03-03,0.764003977461054
2021-03-04,0.7643354325488896
2021-03-05,0.7646668876367252
2021-03-08,0.7649983427245608
2021-03-09,0.7653297978123964
2021-03-10,0.765661252900232
2021-03-11,0.7659927079880676
2021-03-12,0.7663241630759032
2021-03-15,0.7666556181637388
2021-03-16,0.7669870732515744
2021-03-17,0.76731852833941
2021-03-18,0.7676499834272457
2021-03-19,0.7679814385150812
2021-03-22,0.7683128936029168
2021-03-23,0.7686443486907524
2021-03-24,0.768975803778588
2021-03-25,0.7693072588664236
2021-03-26,0.7696387139542592
2021-03-29,0.7699701690420948
2021-03-30,0.7703016241299304
2021-03-31,0.770633079217766
2021-04-01,0.7709645343056016
2021-04-05,0.7712959893934372
2021-04-06,0.7716274444812727
2021-04-07,0.7719588995691083
2021-04-08,0.772290354656944
2021-04-09,0.7726218097447796
2021-04-12,0.7729532648326152
2021-04-13,0.7732847199204508
2021-04-14,0.7736161750082864
2021-04-15,0.773947630096122
2021-04-16,0.7742790851839576
2021-04-19,0.7746105402717932
2021-04-20,0.7749419953596288
2021-04-21,0.7752734504474643
2021-04-22,0.7756049055352999
2021-04-23,0.7759363606231355
2021-04-26,0.7762678157109711
2021-04-27,0.7765992707988068
2021-04-28,0.7769307258866424
2021-04-29,0.777262180974478
2021-04-30,0.7775936360623136
2021-05-03,0.7779250911501492
2021-05-04,0.7782565462379848
2021-05-05,0.7785880013258204
2021-05-06,0.7789194564136559
2021-05-07,0.7792509115014915
2021-05-10,0.7795823665893271
2021-05-11,0.7799138216771627
2021-05-12,0.7802452767649983
2021-05-13,0.7805767318528339
2021-05-14,0.7809081869406695
2021-05-17,0.7812396420285052
2021-05-18,0.7815710971163408
2021-05-19,0.7819025522041764
2021-05-20,0.782234007292012
2021-05-21,0.7825654623798475
2021-05-24,0.7828969174676831
2021-05-25,0.7832283725555187
2021-05-26,0.7835598276433543
2021-05-27,0.7838912827311899
2021-05-28,0.7842227378190255
2021-06-01,0.7845541929068611
2021-06-02,0.7848856479946967
2021-06-03,0.7852171030825323
2021-06-04,0.785548558170368
2021-06-07,0.7858800132582036
2021-06-08,0.7862114683460392
2021-06-09,0.7865429234338747
2021-06-10,0.7868743785217103
2021-06-11,0.7872058336095459
2021-06-14,0.7875372886973815
2021-06-15,0.7878687437852171
2021-06-16,0.7882001988730527
2021-06-17,0.7885316539608883
2021-06-18,0.7888631090487239
2021-06-21,0.7891945641365595
2021-06-22,0.7895260192243951
2021-06-23,0.7898574743122307
2021-06-24,0.7901889294000662
2021-06-25,0.7905203844879019
2021-06-28,0.7908518395757375
2021-06-29,0.7911832946635731
2021-06-30,0.7915147497514087
2021-07-01,0.7918462048392443
2021-07-02,0.7921776599270799
2021-07-06,0.7925091150149155
2021-07-07,0.7928405701027511
2021-07-08,0.7931720251905867
2021-07-09,0.7935034802784223
2021-07-12,0.7938349353662578
2021-07-13,0.7941663904540934
2021-07-14,0.794497845541929
2021-07-15,0.7948293006297646
2021-07-16,0.7951607557176003
2021-07-19,0.7954922108054359
2021-07-20,0.7958236658932715
2021-07-21,0.7961551209811071
2021-07-22,0.7964865760689427
2021-07-23,0.7968180311567783
2021-07-26,0.7971494862446139
2021-07-27,0.7974809413324494
2021-07-28,0.797812396420285
2021-07-29,0.7981438515081206
2021-07-30,0.7984753065959562
2021-08-02,0.7988067616837918
2021-08-03,0.7991382167716274
2021-08-04,0.799469671859463
2021-08-05,0.7998011269472987
2021-08-06,0.8001325820351343
2021-08-09,0.8004640371229699
2021-08-10,0.8007954922108055
2021-08-11,0.801126947298641
2021-08-12,0.8014584023864766
2021-08-13,0.8017898574743122
2021-08-16,0.8021213125621478
2021-08-17,0.8024527676499834
2021-08-18,0.802784222737819
2021-08-19,0.8031156778256546
2021-08-20,0.8034471329134902
2021-08-23,0.8037785880013258
2021-08-24,0.8041100430891615
2021-08-25,0.8044414981769971
2021-08-26,0.8047729532648327
2021-08-27,0.8051044083526682
2021-08-30,0.8054358634405038
2021-08-31,0.8057673185283394
2021-09-01,0.806098773616175
2021-09-02,0.8064302287040106
2021-09-03,0.8067616837918462
2021-09-07,0.8070931388796818
2021-09-08,0.8074245939675174
2021-09-09,0.807756049055353
2021-09-10,0.8080875041431886
2021-09-13,0.8084189592310242
2021-09-14,0.8087504143188597
2021-09-15,0.8090818694066954
2021-09-16,0.809413324494531
2021-09-17,0.8097447795823666
2021-09-20,0.8100762346702022
2021-09-21,0.8104076897580378
2021-09-22,0.8107391448458734
2021-09-23,0.811070599933709
2021-09-24,0.8114020550215446
2021-09-27,0.8117335101093802
2021-09-28,0.8120649651972158
2021-09-29,0.8123964202850513
2021-09-30,0.8127278753728869
2021-10-01,0.8130593304607225
2021-10-04,0.8133907855485581
2021-10-05,0.8137222406363938
2021-10-06,0.8140536957242294
2021-10-07,0.814385150812065
2021-10-08,0.8147166058999006
2021-10-11,0.8150480609877362
2021-10-12,0.8153795160755718
2021-10-13,0.8157109711634074
2021-10-14,0.8160424262512429
2021-10-15,0.8163738813390785
2021-10-18,0.8167053364269141
2021-10-19,0.8170367915147497
2021-10-20,0.8173682466025853
2021-10-21,0.8176997016904209
2021-10-22,0.8180311567782566
2021-10-25,0.8183626118660922
2021-10-26,0.8186940669539278
2021-10-27,0.8190255220417634
2021-10-28,0.819356977129599
2021-10-29,0.8196884322174346
2021-11-01,0.8200198873052701
2021-11-02,0.8203513423931057
2021-11-03,0.8206827974809413
2021-11-04,0.8210142525687769
2021-11-05,0.8213457076566125
2021-11-08,0.8216771627444481
2021-11-09,0.8220086178322837
2021-11-10,0.8223400729201193
2021-11-11,0.822671528007955
2021-11-12,0.8230029830957906
2021-11-15,0.8233344381836262
2021-11-16,0.8236658932714617
2021-11-17,0.8239973483592973
2021-11-18,0.8243288034471329
2021-11-19,0.8246602585349685
2021-11-22,0.8249917136228041
2021-11-23,0.8253231687106397
2021-11-24,0.8256546237984753
2021-11-26,0.8259860788863109
2021-11-29,0.8263175339741465
2021-11-30,0.8266489890619821
2021-12-01,0.8269804441498178
2021-12-02,0.8273118992376532
2021-12-03,0.8276433543254889
2021-12-06,0.8279748094133245
2021-12-07,0.8283062645011601
2021-12-08,0.8286377195889957
2021-12-09,0.8289691746768313
2021-12-10,0.8293006297646669
2021-12-13,0.8296320848525025
2021-12-14,0.8299635399403381
2021-12-15,0.8302949950281737
2021-12-16,0.8306264501160093
2021-12-17,0.8309579052038448
2021-12-20,0.8312893602916804
2021-12-21,0.831620815379516
2021-12-22,0.8319522704673517
2021-12-23,0.8322837255551873
2021-12-27,0.8326151806430229
2021-12-28,0.8329466357308585
2021-12-29,0.8332780908186941
2021-12-30,0.8336095459065297
2021-12-31,0.8339410009943653
2022-01-03,0.8342724560822009
2022-01-04,0.8346039111700364
2022-01-05,0.834935366257872
2022-01-06,0.8352668213457076
2022-01-07,0.8355982764335432
2022-01-10,0.8359297315213788
2022-01-11,0.8362611866092144
2022-01-12,0.83659264169705
2022-01-13,0.8369240967848857
2022-01-14,0.8372555518727213
2022-01-18,0.8375870069605569
2022-01-19,0.8379184620483925
2022-01-20,0.8382499171362281
2022-01-21,0.8385813722240636
2022-01-24,0.8389128273118992
2022-01-25,0.8392442823997348
2022-01-26,0.8395757374875704
2022-01-27,0.839907192575406
2022-01-28,0.8402386476632416
2022-01-31,0.8405701027510772
2022-02-01,0.8409015578389128
2022-02-02,0.8412330129267485
2022-02-03,0.8415644680145841
2022-02-04,0.8418959231024197
2022-02-07,0.8422273781902552
2022-02-08,0.8425588332780908
2022-02-09,0.8428902883659264
2022-02-10,0.843221743453762
2022-02-11,0.8435531985415976
2022-02-14,0.8438846536294332
2022-02-15,0.8442161087172688
2022-02-16,0.8445475638051044
2022-02-17,0.84487901889294
2022-02-18,0.8452104739807756
2022-02-22,0.8455419290686113
2022-02-23,0.8458733841564468
2022-02-24,0.8462048392442824
2022-02-25,0.846536294332118
2022-02-28,0.8468677494199536
2022-03-01,0.8471992045077892
2022-03-02,0.8475306595956248
2022-03-03,0.8478621146834604
2022-03-04,0.848193569771296
2022-03-07,0.8485250248591316
2022-03-08,0.8488564799469672
2022-03-09,0.8491879350348028
2022-03-10,0.8495193901226383
2022-03-11,0.8498508452104739
2022-03-14,0.8501823002983095
2022-03-15,0.8505137553861452
2022-03-16,0.8508452104739808
2022-03-17,0.8511766655618164
2022-03-18,0.851508120649652
2022-03-21,0.8518395757374876
2022-03-22,0.8521710308253232
2022-03-23,0.8525024859131588
2022-03-24,0.8528339410009944
2022-03-25,0.8531653960888299
2022-03-28,0.8534968511766655
2022-03-29,0.8538283062645011
2022-03-30,0.8541597613523367
2022-03-31,0.8544912164401723
2022-04-01,0.854822671528008
2022-04-04,0.8551541266158436
2022-04-05,0.8554855817036792
2022-04-06,0.8558170367915148
2022-04-07,0.8561484918793504
2022-04-08,0.856479946967186
2022-04-11,0.8568114020550216
2022-04-12,0.8571428571428571
2022-04-13,0.8574743122306927
2022-04-14,0.8578057673185283
2022-04-18,0.8581372224063639
2022-04-19,0.8584686774941995
2022-04-20,0.8588001325820351
2022-04-21,0.8591315876698707
2022-04-22,0.8594630427577064
2022-04-25,0.859794497845542
2022-04-26,0.8601259529333776
2022-04-27,0.8604574080212132
2022-04-28,0.8607888631090487
2022-04-29,0.8611203181968843
2022-05-02,0.8614517732847199
2022-05-03,0.8617832283725555
2022-05-04,0.8621146834603911
2022-05-05,0.8624461385482267
2022-05-06,0.8627775936360623
2022-05-09,0.8631090487238979
2022-05-10,0.8634405038117335
2022-05-11,0.8637719588995691
2022-05-12,0.8641034139874048
2022-05-13,0.8644348690752403
2022-05-16,0.8647663241630759
2022-05-17,0.8650977792509115
2022-05-18,0.8654292343387471
2022-05-19,0.8657606894265827
2022-05-20,0.8660921445144183
2022-05-23,0.8664235996022539
2022-05-24,0.8667550546900895
2022-05-25,0.8670865097779251
2022-05-26,0.8674179648657607
2022-05-27,0.8677494199535963
2022-05-31,0.8680808750414318
2022-06-01,0.8684123301292674
2022-06-02,0.868743785217103
2022-06-03,0.8690752403049387
2022-06-06,0.8694066953927743
2022-06-07,0.8697381504806099
2022-06-08,0.8700696055684455
2022-06-09,0.8704010606562811
2022-06-10,0.8707325157441167
2022-06-13,0.8710639708319523
2022-06-14,0.8713954259197879
2022-06-15,0.8717268810076235
2022-06-16,0.872058336095459
2022-06-17,0.8723897911832946
2022-06-21,0.8727212462711302
2022-06-22,0.8730527013589658
2022-06-23,0.8733841564468015
2022-06-24,0.8737156115346371
2022-06-27,0.8740470666224727
2022-06-28,0.8743785217103083
2022-06-29,0.8747099767981439
2022-06-30,0.8750414318859795
2022-07-01,0.8753728869738151
2022-07-05,0.8757043420616506
2022-07-06,0.8760357971494862
2022-07-07,0.8763672522373218
2022-07-08,0.8766987073251574
2022-07-11,0.877030162412993
2022-07-12,0.8773616175008286
2022-07-13,0.8776930725886642
2022-07-14,0.8780245276764999
2022-07-15,0.8783559827643355
2022-07-18,0.8786874378521711
2022-07-19,0.8790188929400067
2022-07-20,0.8793503480278422
2022-07-21,0.8796818031156778
2022-07-22,0.8800132582035134
2022-07-25,0.880344713291349
2022-07-26,0.8806761683791846
2022-07-27,0.8810076234670202
2022-07-28,0.8813390785548558
2022-07-29,0.8816705336426914
2022-08-01,0.882001988730527
2022-08-02,0.8823334438183627
2022-08-03,0.8826648989061983
2022-08-04,0.8829963539940338
2022-08-05,0.8833278090818694
2022-08-08,0.883659264169705
2022-08-09,0.8839907192575406
2022-08-10,0.8843221743453762
2022-08-11,0.8846536294332118
2022-08-12,0.8849850845210474
2022-08-15,0.885316539608883
2022-08-16,0.8856479946967186
2022-08-17,0.8859794497845542
2022-08-18,0.8863109048723898
2022-08-19,0.8866423599602253
2022-08-22,0.8869738150480609
2022-08-23,0.8873052701358966
2022-08-24,0.8876367252237322
2022-08-25,0.8879681803115678
2022-08-26,0.8882996353994034
2022-08-29,0.888631090487239
2022-08-30,0.8889625455750746
2022-08-31,0.8892940006629102
2022-09-01,0.8896254557507458
2022-09-02,0.8899569108385814
2022-09-06,0.890288365926417
2022-09-07,0.8906198210142525
2022-09-08,0.8909512761020881
2022-09-09,0.8912827311899237
2022-09-12,0.8916141862777593
2022-09-13,0.891945641365595
2022-09-14,0.8922770964534306
2022-09-15,0.8926085515412662
2022-09-16,0.8929400066291018
2022-09-19,0.8932714617169374
2022-09-20,0.893602916804773
2022-09-21,0.8939343718926086
2022-09-22,0.8942658269804441
2022-09-23,0.8945972820682797
2022-09-26,0.8949287371561153
2022-09-27,0.8952601922439509
2022-09-28,0.8955916473317865
2022-09-29,0.8959231024196221
2022-09-30,0.8962545575074577
2022-10-03,0.8965860125952934
2022-10-04,0.896917467683129
2022-10-05,0.8972489227709646
2022-10-06,0.8975803778588002
2022-10-07,0.8979118329466357
2022-10-10,0.8982432880344713
2022-10-11,0.8985747431223069
2022-10-12,0.8989061982101425
2022-10-13,0.8992376532979781
2022-10-14,0.8995691083858137
2022-10-17,0.8999005634736493
2022-10-18,0.9002320185614849
2022-10-19,0.9005634736493205
2022-10-20,0.9008949287371562
2022-10-21,0.9012263838249918
2022-10-24,0.9015578389128273
2022-10-25,0.9018892940006629
2022-10-26,0.9022207490884985
2022-10-27,0.9025522041763341
2022-10-28,0.9028836592641697
2022-10-31,0.9032151143520053
2022-11-01,0.9035465694398409
2022-11-02,0.9038780245276765
2022-11-03,0.9042094796155121
2022-11-04,0.9045409347033477
2022-11-07,0.9048723897911833
2022-11-08,0.905203844879019
2022-11-09,0.9055352999668544
2022-11-10,0.90586675505469
2022-11-11,0.9061982101425257
2022-11-14,0.9065296652303613
2022-11-15,0.9068611203181969
2022-11-16,0.9071925754060325
2022-11-17,0.9075240304938681
2022-11-18,0.9078554855817037
2022-11-21,0.9081869406695393
2022-11-22,0.9085183957573749
2022-11-23,0.9088498508452105
2022-11-25,0.909181305933046
2022-11-28,0.9095127610208816
2022-11-29,0.9098442161087172
2022-11-30,0.9101756711965528
2022-12-01,0.9105071262843885
2022-12-02,0.9108385813722241
2022-12-05,0.9111700364600597
2022-12-06,0.9115014915478953
2022-12-07,0.9118329466357309
2022-12-08,0.9121644017235665
2022-12-09,0.9124958568114021
2022-12-12,0.9128273118992376
2022-12-13,0.9131587669870732
2022-12-14,0.9134902220749088
2022-12-15,0.9138216771627444
2022-12-16,0.91415313225058
2022-12-19,0.9144845873384156
2022-12-20,0.9148160424262513
2022-12-21,0.9151474975140869
2022-12-22,0.9154789526019225
2022-12-23,0.9158104076897581
2022-12-27,0.9161418627775937
2022-12-28,0.9164733178654292
2022-12-29,0.9168047729532648
2022-12-30,0.9171362280411004
2023-01-03,0.917467683128936
2023-01-04,0.9177991382167716
2023-01-05,0.9181305933046072
2023-01-06,0.9184620483924428
2023-01-09,0.9187935034802784
2023-01-10,0.919124958568114
2023-01-11,0.9194564136559497
2023-01-12,0.9197878687437853
2023-01-13,0.9201193238316208
2023-01-17,0.9204507789194564
2023-01-18,0.920782234007292
2023-01-19,0.9211136890951276
2023-01-20,0.9214451441829632
2023-01-23,0.9217765992707988
2023-01-24,0.9221080543586344
2023-01-25,0.92243950944647
2023-01-26,0.9227709645343056
2023-01-27,0.9231024196221412
2023-01-30,0.9234338747099768
2023-01-31,0.9237653297978125
2023-02-01,0.924096784885648
2023-02-02,0.9244282399734836
2023-02-03,0.9247596950613192
2023-02-06,0.9250911501491548
2023-02-07,0.9254226052369904
2023-02-08,0.925754060324826
2023-02-09,0.9260855154126616
2023-02-10,0.9264169705004972
2023-02-13,0.9267484255883328
2023-02-14,0.9270798806761684
2023-02-15,0.927411335764004
2023-02-16,0.9277427908518395
2023-02-17,0.9280742459396751
2023-02-21,0.9284057010275107
2023-02-22,0.9287371561153464
2023-02-23,0.929068611203182
2023-02-24,0.9294000662910176
2023-02-27,0.9297315213788532
2023-02-28,0.9300629764666888
2023-03-01,0.9303944315545244
2023-03-02,0.93072588664236
2023-03-03,0.9310573417301956
2023-03-06,0.9313887968180311
2023-03-07,0.9317202519058667
2023-03-08,0.9320517069937023
2023-03-09,0.9323831620815379
2023-03-10,0.9327146171693735
2023-03-13,0.9330460722572091
2023-03-14,0.9333775273450448
2023-03-15,0.9337089824328804
2023-03-16,0.934040437520716
2023-03-17,0.9343718926085516
2023-03-20,0.9347033476963872
2023-03-21,0.9350348027842227
2023-03-22,0.9353662578720583
2023-03-23,0.9356977129598939
2023-03-24,0.9360291680477295
2023-03-27,0.9363606231355651
2023-03-28,0.9366920782234007
2023-03-29,0.9370235333112363
2023-03-30,0.9373549883990719
2023-03-31,0.9376864434869076
2023-04-03,0.9380178985747432
2023-04-04,0.9383493536625788
2023-04-05,0.9386808087504143
2023-04-06,0.9390122638382499
2023-04-10,0.9393437189260855
2023-04-11,0.9396751740139211
2023-04-12,0.9400066291017567
2023-04-13,0.9403380841895923
2023-04-14,0.9406695392774279
2023-04-17,0.9410009943652635
2023-04-18,0.9413324494530991
2023-04-19,0.9416639045409347
2023-04-20,0.9419953596287703
2023-04-21,0.942326814716606
2023-04-24,0.9426582698044415
2023-04-25,0.9429897248922771
2023-04-26,0.9433211799801127
2023-04-27,0.9436526350679483
2023-04-28,0.9439840901557839
2023-05-01,0.9443155452436195
2023-05-02,0.9446470003314551
2023-05-03,0.9449784554192907
2023-05-04,0.9453099105071263
2023-05-05,0.9456413655949619
2023-05-08,0.9459728206827975
2023-05-09,0.946304275770633
2023-05-10,0.9466357308584686
2023-05-11,0.9469671859463042
2023-05-12,0.9472986410341399
2023-05-15,0.9476300961219755
2023-05-16,0.9479615512098111
2023-05-17,0.9482930062976467
2023-05-18,0.9486244613854823
2023-05-19,0.9489559164733179
2023-05-22,0.9492873715611535
2023-05-23,0.9496188266489891
2023-05-24,0.9499502817368246
2023-05-25,0.9502817368246602
2023-05-26,0.9506131919124958
2023-05-30,0.9509446470003314
2023-05-31,0.951276102088167
2023-06-01,0.9516075571760026
2023-06-02,0.9519390122638383
2023-06-05,0.9522704673516739
2023-06-06,0.9526019224395095
2023-06-07,0.9529333775273451
2023-06-08,0.9532648326151807
2023-06-09,0.9535962877030162
2023-06-12,0.9539277427908518
2023-06-13,0.9542591978786874
2023-06-14,0.954590652966523
2023-06-15,0.9549221080543586
2023-06-16,0.9552535631421942
2023-06-20,0.9555850182300298
2023-06-21,0.9559164733178654
2023-06-22,0.956247928405701
2023-06-23,0.9565793834935367
2023-06-26,0.9569108385813723
2023-06-27,0.9572422936692079
2023-06-28,0.9575737487570434
2023-06-29,0.957905203844879
2023-06-30,0.9582366589327146
2023-07-03,0.9585681140205502
2023-07-05,0.9588995691083858
2023-07-06,0.9592310241962214
2023-07-07,0.959562479284057
2023-07-10,0.9598939343718926
2023-07-11,0.9602253894597282
2023-07-12,0.9605568445475638
2023-07-13,0.9608882996353995
2023-07-14,0.961219754723235
2023-07-17,0.9615512098110706
2023-07-18,0.9618826648989062
2023-07-19,0.9622141199867418
2023-07-20,0.9625455750745774
2023-07-21,0.962877030162413
2023-07-24,0.9632084852502486
2023-07-25,0.9635399403380842
2023-07-26,0.9638713954259198
2023-07-27,0.9642028505137554
2023-07-28,0.964534305601591
2023-07-31,0.9648657606894265
2023-08-01,0.9651972157772621
2023-08-02,0.9655286708650977
2023-08-03,0.9658601259529334
2023-08-04,0.966191581040769
2023-08-07,0.9665230361286046
2023-08-08,0.9668544912164402
2023-08-09,0.9671859463042758
2023-08-10,0.9675174013921114
2023-08-11,0.967848856479947
2023-08-14,0.9681803115677826
2023-08-15,0.9685117666556181
2023-08-16,0.9688432217434537
2023-08-17,0.9691746768312893
2023-08-18,0.9695061319191249
2023-08-21,0.9698375870069605
2023-08-22,0.9701690420947962
2023-08-23,0.9705004971826318
2023-08-24,0.9708319522704674
2023-08-25,0.971163407358303
2023-08-28,0.9714948624461386
2023-08-29,0.9718263175339742
2023-08-30,0.9721577726218097
2023-08-31,0.9724892277096453
2023-09-01,0.9728206827974809
2023-09-05,0.9731521378853165
2023-09-06,0.9734835929731521
2023-09-07,0.9738150480609877
2023-09-08,0.9741465031488233
2023-09-11,0.974477958236659
2023-09-12,0.9748094133244946
2023-09-13,0.9751408684123302
2023-09-14,0.9754723235001658
2023-09-15,0.9758037785880014
2023-09-18,0.9761352336758369
2023-09-19,0.9764666887636725
2023-09-20,0.9767981438515081
2023-09-21,0.9771295989393437
2023-09-22,0.9774610540271793
2023-09-25,0.9777925091150149
2023-09-26,0.9781239642028505
2023-09-27,0.9784554192906861
2023-09-28,0.9787868743785217
2023-09-29,0.9791183294663574
2023-10-02,0.979449784554193
2023-10-03,0.9797812396420285
2023-10-04,0.9801126947298641
2023-10-05,0.9804441498176997
2023-10-06,0.9807756049055353
2023-10-09,0.9811070599933709
2023-10-10,0.9814385150812065
2023-10-11,0.9817699701690421
2023-10-12,0.9821014252568777
2023-10-13,0.9824328803447133
2023-10-16,0.9827643354325489
2023-10-17,0.9830957905203845
2023-10-18,0.98342724560822
2023-10-19,0.9837587006960556
2023-10-20,0.9840901557838913
2023-10-23,0.9844216108717269
2023-10-24,0.9847530659595625
2023-10-25,0.9850845210473981
2023-10-26,0.9854159761352337
2023-10-27,0.9857474312230693
2023-10-30,0.9860788863109049
2023-10-31,0.9864103413987405
2023-11-01,0.9867417964865761
2023-11-02,0.9870732515744116
2023-11-03,0.9874047066622472
2023-11-06,0.9877361617500828
2023-11-07,0.9880676168379184
2023-11-08,0.988399071925754
2023-11-09,0.9887305270135897
2023-11-10,0.9890619821014253
2023-11-13,0.9893934371892609
2023-11-14,0.9897248922770965
2023-11-15,0.9900563473649321
2023-11-16,0.9903878024527677
2023-11-17,0.9907192575406032
2023-11-20,0.9910507126284388
2023-11-21,0.9913821677162744
2023-11-22,0.99171362280411
2023-11-24,0.9920450778919456
2023-11-27,0.9923765329797812
2023-11-28,0.9927079880676168
2023-11-29,0.9930394431554525
2023-11-30,0.9933708982432881
2023-12-01,0.9937023533311237
2023-12-04,0.9940338084189593
2023-12-05,0.9943652635067949
2023-12-06,0.9946967185946304
2023-12-07,0.995028173682466
2023-12-08,0.9953596287703016
2023-12-11,0.9956910838581372
2023-12-12,0.9960225389459728
2023-12-13,0.9963539940338084
2023-12-14,0.996685449121644
2023-12-15,0.9970169042094796
2023-12-18,0.9973483592973152
2023-12-19,0.9976798143851509
2023-12-20,0.9980112694729865
2023-12-21,0.998342724560822
2023-12-22,0.9986741796486576
2023-12-26,0.9990056347364932
2023-12-27,0.9993370898243288
2023-12-28,0.9996685449121644
2023-12-29,1.0
