,PseudoTime
2013-01-02,0.0
2013-01-03,0.0003972983710766786
2013-01-04,0.0007945967421533572
2013-01-07,0.0011918951132300357
2013-01-08,0.0015891934843067143
2013-01-09,0.001986491855383393
2013-01-10,0.0023837902264600714
2013-01-11,0.0027810885975367503
2013-01-14,0.0031783869686134287
2013-01-15,0.003575685339690107
2013-01-16,0.003972983710766786
2013-01-17,0.004370282081843465
2013-01-18,0.004767580452920143
2013-01-22,0.005164878823996822
2013-01-23,0.0055621771950735005
2013-01-24,0.0059594755661501785
2013-01-25,0.006356773937226857
2013-01-28,0.006754072308303536
2013-01-29,0.007151370679380214
2013-01-30,0.007548669050456893
2013-01-31,0.007945967421533572
2013-02-01,0.00834326579261025
2013-02-04,0.00874056416368693
2013-02-05,0.009137862534763607
2013-02-06,0.009535160905840286
2013-02-07,0.009932459276916964
2013-02-08,0.010329757647993643
2013-02-11,0.010727056019070322
2013-02-12,0.011124354390147001
2013-02-13,0.011521652761223678
2013-02-14,0.011918951132300357
2013-02-15,0.012316249503377036
2013-02-19,0.012713547874453715
2013-02-20,0.013110846245530394
2013-02-21,0.013508144616607072
2013-02-22,0.013905442987683751
2013-02-25,0.014302741358760428
2013-02-26,0.014700039729837107
2013-02-27,0.015097338100913786
2013-02-28,0.015494636471990465
2013-03-01,0.015891934843067144
2013-03-04,0.01628923321414382
2013-03-05,0.0166865315852205
2013-03-06,0.01708382995629718
2013-03-07,0.01748112832737386
2013-03-08,0.017878426698450536
2013-03-11,0.018275725069527213
2013-03-12,0.018673023440603894
2013-03-13,0.01907032181168057
2013-03-14,0.019467620182757252
2013-03-15,0.01986491855383393
2013-03-18,0.02026221692491061
2013-03-19,0.020659515295987287
2013-03-20,0.021056813667063964
2013-03-21,0.021454112038140644
2013-03-22,0.02185141040921732
2013-03-25,0.022248708780294002
2013-03-26,0.02264600715137068
2013-03-27,0.023043305522447356
2013-03-28,0.023440603893524037
2013-04-01,0.023837902264600714
2013-04-02,0.024235200635677395
2013-04-03,0.02463249900675407
2013-04-04,0.025029797377830752
2013-04-05,0.02542709574890743
2013-04-08,0.025824394119984106
2013-04-09,0.026221692491060787
2013-04-10,0.026618990862137464
2013-04-11,0.027016289233214145
2013-04-12,0.027413587604290822
2013-04-15,0.027810885975367503
2013-04-16,0.02820818434644418
2013-04-17,0.028605482717520857
2013-04-18,0.029002781088597537
2013-04-19,0.029400079459674214
2013-04-22,0.029797377830750895
2013-04-23,0.030194676201827572
2013-04-24,0.030591974572904253
2013-04-25,0.03098927294398093
2013-04-26,0.03138657131505761
2013-04-29,0.03178386968613429
2013-04-30,0.03218116805721097
2013-05-01,0.03257846642828764
2013-05-02,0.03297576479936432
2013-05-03,0.033373063170441
2013-05-06,0.03377036154151768
2013-05-07,0.03416765991259436
2013-05-08,0.03456495828367104
2013-05-09,0.03496225665474772
2013-05-10,0.03535955502582439
2013-05-13,0.03575685339690107
2013-05-14,0.03615415176797775
2013-05-15,0.03655145013905443
2013-05-16,0.03694874851013111
2013-05-17,0.03734604688120779
2013-05-20,0.03774334525228447
2013-05-21,0.03814064362336114
2013-05-22,0.03853794199443782
2013-05-23,0.038935240365514504
2013-05-24,0.03933253873659118
2013-05-28,0.03972983710766786
2013-05-29,0.04012713547874454
2013-05-30,0.04052443384982122
2013-05-31,0.04092173222089789
2013-06-03,0.04131903059197457
2013-06-04,0.041716328963051254
2013-06-05,0.04211362733412793
2013-06-06,0.04251092570520461
2013-06-07,0.04290822407628129
2013-06-10,0.04330552244735797
2013-06-11,0.04370282081843464
2013-06-12,0.04410011918951132
2013-06-13,0.044497417560588004
2013-06-14,0.04489471593166468
2013-06-17,0.04529201430274136
2013-06-18,0.04568931267381804
2013-06-19,0.04608661104489471
2013-06-20,0.04648390941597139
2013-06-21,0.046881207787048074
2013-06-24,0.047278506158124754
2013-06-25,0.04767580452920143
2013-06-26,0.04807310290027811
2013-06-27,0.04847040127135479
2013-06-28,0.04886769964243146
2013-07-01,0.04926499801350814
2013-07-02,0.049662296384584824
2013-07-03,0.050059594755661505
2013-07-05,0.05045689312673818
2013-07-08,0.05085419149781486
2013-07-09,0.05125148986889154
2013-07-10,0.05164878823996821
2013-07-11,0.052046086611044894
2013-07-12,0.052443384982121574
2013-07-15,0.052840683353198255
2013-07-16,0.05323798172427493
2013-07-17,0.05363528009535161
2013-07-18,0.05403257846642829
2013-07-19,0.05442987683750496
2013-07-22,0.054827175208581644
2013-07-23,0.055224473579658324
2013-07-24,0.055621771950735005
2013-07-25,0.05601907032181168
2013-07-26,0.05641636869288836
2013-07-29,0.05681366706396504
2013-07-30,0.057210965435041714
2013-07-31,0.057608263806118394
2013-08-01,0.058005562177195075
2013-08-02,0.058402860548271755
2013-08-05,0.05880015891934843
2013-08-06,0.05919745729042511
2013-08-07,0.05959475566150179
2013-08-08,0.059992054032578464
2013-08-09,0.060389352403655144
2013-08-12,0.060786650774731825
2013-08-13,0.061183949145808506
2013-08-14,0.06158124751688518
2013-08-15,0.06197854588796186
2013-08-16,0.06237584425903854
2013-08-19,0.06277314263011521
2013-08-20,0.0631704410011919
2013-08-21,0.06356773937226858
2013-08-22,0.06396503774334525
2013-08-23,0.06436233611442194
2013-08-26,0.06475963448549861
2013-08-27,0.06515693285657528
2013-08-28,0.06555423122765197
2013-08-29,0.06595152959872864
2013-08-30,0.06634882796980532
2013-09-03,0.066746126340882
2013-09-04,0.06714342471195868
2013-09-05,0.06754072308303535
2013-09-06,0.06793802145411204
2013-09-09,0.06833531982518871
2013-09-10,0.0687326181962654
2013-09-11,0.06912991656734208
2013-09-12,0.06952721493841875
2013-09-13,0.06992451330949544
2013-09-16,0.07032181168057211
2013-09-17,0.07071911005164878
2013-09-18,0.07111640842272547
2013-09-19,0.07151370679380215
2013-09-20,0.07191100516487882
2013-09-23,0.0723083035359555
2013-09-24,0.07270560190703218
2013-09-25,0.07310290027810885
2013-09-26,0.07350019864918554
2013-09-27,0.07389749702026222
2013-09-30,0.07429479539133889
2013-10-01,0.07469209376241558
2013-10-02,0.07508939213349225
2013-10-03,0.07548669050456894
2013-10-04,0.07588398887564561
2013-10-07,0.07628128724672228
2013-10-08,0.07667858561779897
2013-10-09,0.07707588398887565
2013-10-10,0.07747318235995232
2013-10-11,0.07787048073102901
2013-10-14,0.07826777910210568
2013-10-15,0.07866507747318235
2013-10-16,0.07906237584425904
2013-10-17,0.07945967421533572
2013-10-18,0.07985697258641239
2013-10-21,0.08025427095748908
2013-10-22,0.08065156932856575
2013-10-23,0.08104886769964244
2013-10-24,0.08144616607071911
2013-10-25,0.08184346444179579
2013-10-28,0.08224076281287247
2013-10-29,0.08263806118394915
2013-10-30,0.08303535955502582
2013-10-31,0.08343265792610251
2013-11-01,0.08382995629717918
2013-11-04,0.08422725466825585
2013-11-05,0.08462455303933254
2013-11-06,0.08502185141040922
2013-11-07,0.08541914978148589
2013-11-08,0.08581644815256258
2013-11-11,0.08621374652363925
2013-11-12,0.08661104489471594
2013-11-13,0.08700834326579261
2013-11-14,0.08740564163686929
2013-11-15,0.08780294000794597
2013-11-18,0.08820023837902265
2013-11-19,0.08859753675009932
2013-11-20,0.08899483512117601
2013-11-21,0.08939213349225268
2013-11-22,0.08978943186332936
2013-11-25,0.09018673023440604
2013-11-26,0.09058402860548272
2013-11-27,0.09098132697655939
2013-11-29,0.09137862534763608
2013-12-02,0.09177592371871275
2013-12-03,0.09217322208978942
2013-12-04,0.09257052046086611
2013-12-05,0.09296781883194279
2013-12-06,0.09336511720301947
2013-12-09,0.09376241557409615
2013-12-10,0.09415971394517282
2013-12-11,0.09455701231624951
2013-12-12,0.09495431068732618
2013-12-13,0.09535160905840286
2013-12-16,0.09574890742947954
2013-12-17,0.09614620580055622
2013-12-18,0.09654350417163289
2013-12-19,0.09694080254270958
2013-12-20,0.09733810091378625
2013-12-23,0.09773539928486293
2013-12-24,0.09813269765593961
2013-12-26,0.09852999602701629
2013-12-27,0.09892729439809297
2013-12-30,0.09932459276916965
2013-12-31,0.09972189114024632
2014-01-02,0.10011918951132301
2014-01-03,0.10051648788239968
2014-01-06,0.10091378625347636
2014-01-07,0.10131108462455304
2014-01-08,0.10170838299562972
2014-01-09,0.10210568136670639
2014-01-10,0.10250297973778308
2014-01-13,0.10290027810885975
2014-01-14,0.10329757647993643
2014-01-15,0.10369487485101311
2014-01-16,0.10409217322208979
2014-01-17,0.10448947159316647
2014-01-21,0.10488676996424315
2014-01-22,0.10528406833531982
2014-01-23,0.10568136670639651
2014-01-24,0.10607866507747318
2014-01-27,0.10647596344854986
2014-01-28,0.10687326181962654
2014-01-29,0.10727056019070322
2014-01-30,0.10766785856177989
2014-01-31,0.10806515693285658
2014-02-03,0.10846245530393325
2014-02-04,0.10885975367500993
2014-02-05,0.10925705204608661
2014-02-06,0.10965435041716329
2014-02-07,0.11005164878823996
2014-02-10,0.11044894715931665
2014-02-11,0.11084624553039332
2014-02-12,0.11124354390147001
2014-02-13,0.11164084227254668
2014-02-14,0.11203814064362336
2014-02-18,0.11243543901470004
2014-02-19,0.11283273738577672
2014-02-20,0.11323003575685339
2014-02-21,0.11362733412793008
2014-02-24,0.11402463249900675
2014-02-25,0.11442193087008343
2014-02-26,0.11481922924116011
2014-02-27,0.11521652761223679
2014-02-28,0.11561382598331346
2014-03-03,0.11601112435439015
2014-03-04,0.11640842272546682
2014-03-05,0.11680572109654351
2014-03-06,0.11720301946762018
2014-03-07,0.11760031783869686
2014-03-10,0.11799761620977355
2014-03-11,0.11839491458085022
2014-03-12,0.11879221295192689
2014-03-13,0.11918951132300358
2014-03-14,0.11958680969408025
2014-03-17,0.11998410806515693
2014-03-18,0.12038140643623362
2014-03-19,0.12077870480731029
2014-03-20,0.12117600317838696
2014-03-21,0.12157330154946365
2014-03-24,0.12197059992054032
2014-03-25,0.12236789829161701
2014-03-26,0.12276519666269368
2014-03-27,0.12316249503377036
2014-03-28,0.12355979340484705
2014-03-31,0.12395709177592372
2014-04-01,0.1243543901470004
2014-04-02,0.12475168851807708
2014-04-03,0.12514898688915377
2014-04-04,0.12554628526023043
2014-04-07,0.12594358363130712
2014-04-08,0.1263408820023838
2014-04-09,0.12673818037346046
2014-04-10,0.12713547874453715
2014-04-11,0.12753277711561384
2014-04-14,0.1279300754866905
2014-04-15,0.12832737385776719
2014-04-16,0.12872467222884387
2014-04-17,0.12912197059992053
2014-04-21,0.12951926897099722
2014-04-22,0.1299165673420739
2014-04-23,0.13031386571315057
2014-04-24,0.13071116408422725
2014-04-25,0.13110846245530394
2014-04-28,0.1315057608263806
2014-04-29,0.1319030591974573
2014-04-30,0.13230035756853398
2014-05-01,0.13269765593961064
2014-05-02,0.13309495431068732
2014-05-05,0.133492252681764
2014-05-06,0.13388955105284067
2014-05-07,0.13428684942391736
2014-05-08,0.13468414779499405
2014-05-09,0.1350814461660707
2014-05-12,0.1354787445371474
2014-05-13,0.13587604290822408
2014-05-14,0.13627334127930074
2014-05-15,0.13667063965037743
2014-05-16,0.13706793802145412
2014-05-19,0.1374652363925308
2014-05-20,0.13786253476360746
2014-05-21,0.13825983313468415
2014-05-22,0.13865713150576084
2014-05-23,0.1390544298768375
2014-05-27,0.1394517282479142
2014-05-28,0.13984902661899087
2014-05-29,0.14024632499006753
2014-05-30,0.14064362336114422
2014-06-02,0.1410409217322209
2014-06-03,0.14143822010329757
2014-06-04,0.14183551847437426
2014-06-05,0.14223281684545094
2014-06-06,0.1426301152165276
2014-06-09,0.1430274135876043
2014-06-10,0.14342471195868098
2014-06-11,0.14382201032975764
2014-06-12,0.14421930870083433
2014-06-13,0.144616607071911
2014-06-16,0.14501390544298767
2014-06-17,0.14541120381406436
2014-06-18,0.14580850218514105
2014-06-19,0.1462058005562177
2014-06-20,0.1466030989272944
2014-06-23,0.14700039729837108
2014-06-24,0.14739769566944774
2014-06-25,0.14779499404052443
2014-06-26,0.14819229241160112
2014-06-27,0.14858959078267778
2014-06-30,0.14898688915375446
2014-07-01,0.14938418752483115
2014-07-02,0.14978148589590784
2014-07-03,0.1501787842669845
2014-07-07,0.1505760826380612
2014-07-08,0.15097338100913787
2014-07-09,0.15137067938021453
2014-07-10,0.15176797775129122
2014-07-11,0.1521652761223679
2014-07-14,0.15256257449344457
2014-07-15,0.15295987286452126
2014-07-16,0.15335717123559794
2014-07-17,0.1537544696066746
2014-07-18,0.1541517679777513
2014-07-21,0.15454906634882798
2014-07-22,0.15494636471990464
2014-07-23,0.15534366309098133
2014-07-24,0.15574096146205801
2014-07-25,0.15613825983313467
2014-07-28,0.15653555820421136
2014-07-29,0.15693285657528805
2014-07-30,0.1573301549463647
2014-07-31,0.1577274533174414
2014-08-01,0.15812475168851808
2014-08-04,0.15852205005959474
2014-08-05,0.15891934843067143
2014-08-06,0.15931664680174812
2014-08-07,0.15971394517282478
2014-08-08,0.16011124354390147
2014-08-11,0.16050854191497815
2014-08-12,0.16090584028605484
2014-08-13,0.1613031386571315
2014-08-14,0.1617004370282082
2014-08-15,0.16209773539928488
2014-08-18,0.16249503377036154
2014-08-19,0.16289233214143822
2014-08-20,0.1632896305125149
2014-08-21,0.16368692888359157
2014-08-22,0.16408422725466826
2014-08-25,0.16448152562574495
2014-08-26,0.1648788239968216
2014-08-27,0.1652761223678983
2014-08-28,0.16567342073897498
2014-08-29,0.16607071911005164
2014-09-02,0.16646801748112833
2014-09-03,0.16686531585220502
2014-09-04,0.16726261422328167
2014-09-05,0.16765991259435836
2014-09-08,0.16805721096543505
2014-09-09,0.1684545093365117
2014-09-10,0.1688518077075884
2014-09-11,0.16924910607866508
2014-09-12,0.16964640444974174
2014-09-15,0.17004370282081843
2014-09-16,0.17044100119189512
2014-09-17,0.17083829956297178
2014-09-18,0.17123559793404847
2014-09-19,0.17163289630512515
2014-09-22,0.17203019467620181
2014-09-23,0.1724274930472785
2014-09-24,0.1728247914183552
2014-09-25,0.17322208978943188
2014-09-26,0.17361938816050854
2014-09-29,0.17401668653158522
2014-09-30,0.1744139849026619
2014-10-01,0.17481128327373857
2014-10-02,0.17520858164481526
2014-10-03,0.17560588001589195
2014-10-06,0.1760031783869686
2014-10-07,0.1764004767580453
2014-10-08,0.17679777512912198
2014-10-09,0.17719507350019864
2014-10-10,0.17759237187127533
2014-10-13,0.17798967024235202
2014-10-14,0.17838696861342868
2014-10-15,0.17878426698450536
2014-10-16,0.17918156535558205
2014-10-17,0.1795788637266587
2014-10-20,0.1799761620977354
2014-10-21,0.18037346046881209
2014-10-22,0.18077075883988875
2014-10-23,0.18116805721096543
2014-10-24,0.18156535558204212
2014-10-27,0.18196265395311878
2014-10-28,0.18235995232419547
2014-10-29,0.18275725069527216
2014-10-30,0.18315454906634882
2014-10-31,0.1835518474374255
2014-11-03,0.1839491458085022
2014-11-04,0.18434644417957885
2014-11-05,0.18474374255065554
2014-11-06,0.18514104092173223
2014-11-07,0.1855383392928089
2014-11-10,0.18593563766388557
2014-11-11,0.18633293603496226
2014-11-12,0.18673023440603895
2014-11-13,0.1871275327771156
2014-11-14,0.1875248311481923
2014-11-17,0.18792212951926898
2014-11-18,0.18831942789034564
2014-11-19,0.18871672626142233
2014-11-20,0.18911402463249902
2014-11-21,0.18951132300357568
2014-11-24,0.18990862137465236
2014-11-25,0.19030591974572905
2014-11-26,0.1907032181168057
2014-11-28,0.1911005164878824
2014-12-01,0.1914978148589591
2014-12-02,0.19189511323003575
2014-12-03,0.19229241160111243
2014-12-04,0.19268970997218912
2014-12-05,0.19308700834326578
2014-12-08,0.19348430671434247
2014-12-09,0.19388160508541916
2014-12-10,0.19427890345649582
2014-12-11,0.1946762018275725
2014-12-12,0.1950735001986492
2014-12-15,0.19547079856972585
2014-12-16,0.19586809694080254
2014-12-17,0.19626539531187923
2014-12-18,0.1966626936829559
2014-12-19,0.19705999205403257
2014-12-22,0.19745729042510926
2014-12-23,0.19785458879618595
2014-12-24,0.1982518871672626
2014-12-26,0.1986491855383393
2014-12-29,0.19904648390941598
2014-12-30,0.19944378228049264
2014-12-31,0.19984108065156933
2015-01-02,0.20023837902264602
2015-01-05,0.20063567739372268
2015-01-06,0.20103297576479937
2015-01-07,0.20143027413587605
2015-01-08,0.2018275725069527
2015-01-09,0.2022248708780294
2015-01-12,0.2026221692491061
2015-01-13,0.20301946762018275
2015-01-14,0.20341676599125944
2015-01-15,0.20381406436233612
2015-01-16,0.20421136273341278
2015-01-20,0.20460866110448947
2015-01-21,0.20500595947556616
2015-01-22,0.20540325784664282
2015-01-23,0.2058005562177195
2015-01-26,0.2061978545887962
2015-01-27,0.20659515295987285
2015-01-28,0.20699245133094954
2015-01-29,0.20738974970202623
2015-01-30,0.2077870480731029
2015-02-02,0.20818434644417957
2015-02-03,0.20858164481525626
2015-02-04,0.20897894318633295
2015-02-05,0.2093762415574096
2015-02-06,0.2097735399284863
2015-02-09,0.21017083829956298
2015-02-10,0.21056813667063964
2015-02-11,0.21096543504171633
2015-02-12,0.21136273341279302
2015-02-13,0.21176003178386968
2015-02-17,0.21215733015494637
2015-02-18,0.21255462852602305
2015-02-19,0.2129519268970997
2015-02-20,0.2133492252681764
2015-02-23,0.2137465236392531
2015-02-24,0.21414382201032975
2015-02-25,0.21454112038140644
2015-02-26,0.21493841875248312
2015-02-27,0.21533571712355978
2015-03-02,0.21573301549463647
2015-03-03,0.21613031386571316
2015-03-04,0.21652761223678982
2015-03-05,0.2169249106078665
2015-03-06,0.2173222089789432
2015-03-09,0.21771950735001985
2015-03-10,0.21811680572109654
2015-03-11,0.21851410409217323
2015-03-12,0.2189114024632499
2015-03-13,0.21930870083432658
2015-03-16,0.21970599920540326
2015-03-17,0.22010329757647992
2015-03-18,0.2205005959475566
2015-03-19,0.2208978943186333
2015-03-20,0.22129519268970999
2015-03-23,0.22169249106078665
2015-03-24,0.22208978943186333
2015-03-25,0.22248708780294002
2015-03-26,0.22288438617401668
2015-03-27,0.22328168454509337
2015-03-30,0.22367898291617005
2015-03-31,0.22407628128724671
2015-04-01,0.2244735796583234
2015-04-02,0.2248708780294001
2015-04-06,0.22526817640047675
2015-04-07,0.22566547477155344
2015-04-08,0.22606277314263012
2015-04-09,0.22646007151370678
2015-04-10,0.22685736988478347
2015-04-13,0.22725466825586016
2015-04-14,0.22765196662693682
2015-04-15,0.2280492649980135
2015-04-16,0.2284465633690902
2015-04-17,0.22884386174016685
2015-04-20,0.22924116011124354
2015-04-21,0.22963845848232023
2015-04-22,0.2300357568533969
2015-04-23,0.23043305522447358
2015-04-24,0.23083035359555026
2015-04-27,0.23122765196662692
2015-04-28,0.2316249503377036
2015-04-29,0.2320222487087803
2015-04-30,0.232419547079857
2015-05-01,0.23281684545093365
2015-05-04,0.23321414382201033
2015-05-05,0.23361144219308702
2015-05-06,0.23400874056416368
2015-05-07,0.23440603893524037
2015-05-08,0.23480333730631706
2015-05-11,0.23520063567739372
2015-05-12,0.2355979340484704
2015-05-13,0.2359952324195471
2015-05-14,0.23639253079062375
2015-05-15,0.23678982916170044
2015-05-18,0.23718712753277713
2015-05-19,0.23758442590385379
2015-05-20,0.23798172427493047
2015-05-21,0.23837902264600716
2015-05-22,0.23877632101708382
2015-05-26,0.2391736193881605
2015-05-27,0.2395709177592372
2015-05-28,0.23996821613031386
2015-05-29,0.24036551450139054
2015-06-01,0.24076281287246723
2015-06-02,0.2411601112435439
2015-06-03,0.24155740961462058
2015-06-04,0.24195470798569726
2015-06-05,0.24235200635677392
2015-06-08,0.2427493047278506
2015-06-09,0.2431466030989273
2015-06-10,0.24354390147000396
2015-06-11,0.24394119984108065
2015-06-12,0.24433849821215733
2015-06-15,0.24473579658323402
2015-06-16,0.24513309495431068
2015-06-17,0.24553039332538737
2015-06-18,0.24592769169646406
2015-06-19,0.24632499006754072
2015-06-22,0.2467222884386174
2015-06-23,0.2471195868096941
2015-06-24,0.24751688518077075
2015-06-25,0.24791418355184744
2015-06-26,0.24831148192292413
2015-06-29,0.2487087802940008
2015-06-30,0.24910607866507747
2015-07-01,0.24950337703615416
2015-07-02,0.24990067540723082
2015-07-06,0.25029797377830754
2015-07-07,0.2506952721493842
2015-07-08,0.25109257052046086
2015-07-09,0.25148986889153757
2015-07-10,0.25188716726261423
2015-07-13,0.2522844656336909
2015-07-14,0.2526817640047676
2015-07-15,0.25307906237584427
2015-07-16,0.2534763607469209
2015-07-17,0.25387365911799764
2015-07-20,0.2542709574890743
2015-07-21,0.25466825586015096
2015-07-22,0.2550655542312277
2015-07-23,0.25546285260230434
2015-07-24,0.255860150973381
2015-07-27,0.2562574493444577
2015-07-28,0.25665474771553437
2015-07-29,0.25705204608661103
2015-07-30,0.25744934445768775
2015-07-31,0.2578466428287644
2015-08-03,0.25824394119984106
2015-08-04,0.2586412395709178
2015-08-05,0.25903853794199444
2015-08-06,0.2594358363130711
2015-08-07,0.2598331346841478
2015-08-10,0.2602304330552245
2015-08-11,0.26062773142630113
2015-08-12,0.26102502979737785
2015-08-13,0.2614223281684545
2015-08-14,0.26181962653953117
2015-08-17,0.2622169249106079
2015-08-18,0.26261422328168454
2015-08-19,0.2630115216527612
2015-08-20,0.2634088200238379
2015-08-21,0.2638061183949146
2015-08-24,0.26420341676599124
2015-08-25,0.26460071513706795
2015-08-26,0.2649980135081446
2015-08-27,0.2653953118792213
2015-08-28,0.265792610250298
2015-08-31,0.26618990862137465
2015-09-01,0.2665872069924513
2015-09-02,0.266984505363528
2015-09-03,0.2673818037346047
2015-09-04,0.26777910210568134
2015-09-08,0.26817640047675806
2015-09-09,0.2685736988478347
2015-09-10,0.2689709972189114
2015-09-11,0.2693682955899881
2015-09-14,0.26976559396106475
2015-09-15,0.2701628923321414
2015-09-16,0.27056019070321813
2015-09-17,0.2709574890742948
2015-09-18,0.27135478744537145
2015-09-21,0.27175208581644816
2015-09-22,0.2721493841875248
2015-09-23,0.2725466825586015
2015-09-24,0.2729439809296782
2015-09-25,0.27334127930075486
2015-09-28,0.2737385776718315
2015-09-29,0.27413587604290823
2015-09-30,0.2745331744139849
2015-10-01,0.2749304727850616
2015-10-02,0.27532777115613827
2015-10-05,0.2757250695272149
2015-10-06,0.27612236789829164
2015-10-07,0.2765196662693683
2015-10-08,0.27691696464044496
2015-10-09,0.2773142630115217
2015-10-12,0.27771156138259834
2015-10-13,0.278108859753675
2015-10-14,0.2785061581247517
2015-10-15,0.2789034564958284
2015-10-16,0.27930075486690503
2015-10-19,0.27969805323798175
2015-10-20,0.2800953516090584
2015-10-21,0.28049264998013507
2015-10-22,0.2808899483512118
2015-10-23,0.28128724672228844
2015-10-26,0.2816845450933651
2015-10-27,0.2820818434644418
2015-10-28,0.2824791418355185
2015-10-29,0.28287644020659514
2015-10-30,0.28327373857767185
2015-11-02,0.2836710369487485
2015-11-03,0.28406833531982517
2015-11-04,0.2844656336909019
2015-11-05,0.28486293206197855
2015-11-06,0.2852602304330552
2015-11-09,0.2856575288041319
2015-11-10,0.2860548271752086
2015-11-11,0.28645212554628524
2015-11-12,0.28684942391736196
2015-11-13,0.2872467222884386
2015-11-16,0.2876440206595153
2015-11-17,0.288041319030592
2015-11-18,0.28843861740166865
2015-11-19,0.2888359157727453
2015-11-20,0.289233214143822
2015-11-23,0.2896305125148987
2015-11-24,0.29002781088597535
2015-11-25,0.29042510925705206
2015-11-27,0.2908224076281287
2015-11-30,0.2912197059992054
2015-12-01,0.2916170043702821
2015-12-02,0.29201430274135876
2015-12-03,0.2924116011124354
2015-12-04,0.29280889948351213
2015-12-07,0.2932061978545888
2015-12-08,0.29360349622566545
2015-12-09,0.29400079459674217
2015-12-10,0.2943980929678188
2015-12-11,0.2947953913388955
2015-12-14,0.2951926897099722
2015-12-15,0.29558998808104886
2015-12-16,0.2959872864521255
2015-12-17,0.29638458482320224
2015-12-18,0.2967818831942789
2015-12-21,0.29717918156535555
2015-12-22,0.29757647993643227
2015-12-23,0.29797377830750893
2015-12-24,0.29837107667858564
2015-12-28,0.2987683750496623
2015-12-29,0.29916567342073896
2015-12-30,0.2995629717918157
2015-12-31,0.29996027016289234
2016-01-04,0.300357568533969
2016-01-05,0.3007548669050457
2016-01-06,0.3011521652761224
2016-01-07,0.30154946364719903
2016-01-08,0.30194676201827575
2016-01-11,0.3023440603893524
2016-01-12,0.30274135876042907
2016-01-13,0.3031386571315058
2016-01-14,0.30353595550258244
2016-01-15,0.3039332538736591
2016-01-19,0.3043305522447358
2016-01-20,0.3047278506158125
2016-01-21,0.30512514898688914
2016-01-22,0.30552244735796585
2016-01-25,0.3059197457290425
2016-01-26,0.3063170441001192
2016-01-27,0.3067143424711959
2016-01-28,0.30711164084227255
2016-01-29,0.3075089392133492
2016-02-01,0.3079062375844259
2016-02-02,0.3083035359555026
2016-02-03,0.30870083432657924
2016-02-04,0.30909813269765596
2016-02-05,0.3094954310687326
2016-02-08,0.3098927294398093
2016-02-09,0.310290027810886
2016-02-10,0.31068732618196265
2016-02-11,0.3110846245530393
2016-02-12,0.31148192292411603
2016-02-16,0.3118792212951927
2016-02-17,0.31227651966626935
2016-02-18,0.31267381803734606
2016-02-19,0.3130711164084227
2016-02-22,0.3134684147794994
2016-02-23,0.3138657131505761
2016-02-24,0.31426301152165276
2016-02-25,0.3146603098927294
2016-02-26,0.31505760826380613
2016-02-29,0.3154549066348828
2016-03-01,0.31585220500595945
2016-03-02,0.31624950337703617
2016-03-03,0.3166468017481128
2016-03-04,0.3170441001191895
2016-03-07,0.3174413984902662
2016-03-08,0.31783869686134286
2016-03-09,0.3182359952324195
2016-03-10,0.31863329360349624
2016-03-11,0.3190305919745729
2016-03-14,0.31942789034564956
2016-03-15,0.31982518871672627
2016-03-16,0.32022248708780293
2016-03-17,0.3206197854588796
2016-03-18,0.3210170838299563
2016-03-21,0.32141438220103297
2016-03-22,0.3218116805721097
2016-03-23,0.32220897894318634
2016-03-24,0.322606277314263
2016-03-28,0.3230035756853397
2016-03-29,0.3234008740564164
2016-03-30,0.32379817242749304
2016-03-31,0.32419547079856975
2016-04-01,0.3245927691696464
2016-04-04,0.32499006754072307
2016-04-05,0.3253873659117998
2016-04-06,0.32578466428287645
2016-04-07,0.3261819626539531
2016-04-08,0.3265792610250298
2016-04-11,0.3269765593961065
2016-04-12,0.32737385776718314
2016-04-13,0.32777115613825986
2016-04-14,0.3281684545093365
2016-04-15,0.3285657528804132
2016-04-18,0.3289630512514899
2016-04-19,0.32936034962256655
2016-04-20,0.3297576479936432
2016-04-21,0.3301549463647199
2016-04-22,0.3305522447357966
2016-04-25,0.33094954310687325
2016-04-26,0.33134684147794996
2016-04-27,0.3317441398490266
2016-04-28,0.3321414382201033
2016-04-29,0.33253873659118
2016-05-02,0.33293603496225666
2016-05-03,0.3333333333333333
2016-05-04,0.33373063170441003
2016-05-05,0.3341279300754867
2016-05-06,0.33452522844656335
2016-05-09,0.33492252681764006
2016-05-10,0.3353198251887167
2016-05-11,0.3357171235597934
2016-05-12,0.3361144219308701
2016-05-13,0.33651172030194676
2016-05-16,0.3369090186730234
2016-05-17,0.33730631704410013
2016-05-18,0.3377036154151768
2016-05-19,0.33810091378625345
2016-05-20,0.33849821215733017
2016-05-23,0.33889551052840683
2016-05-24,0.3392928088994835
2016-05-25,0.3396901072705602
2016-05-26,0.34008740564163686
2016-05-27,0.3404847040127135
2016-05-31,0.34088200238379024
2016-06-01,0.3412793007548669
2016-06-02,0.34167659912594356
2016-06-03,0.3420738974970203
2016-06-06,0.34247119586809693
2016-06-07,0.3428684942391736
2016-06-08,0.3432657926102503
2016-06-09,0.34366309098132697
2016-06-10,0.34406038935240363
2016-06-13,0.34445768772348034
2016-06-14,0.344854986094557
2016-06-15,0.3452522844656337
2016-06-16,0.3456495828367104
2016-06-17,0.34604688120778704
2016-06-20,0.34644417957886375
2016-06-21,0.3468414779499404
2016-06-22,0.3472387763210171
2016-06-23,0.3476360746920938
2016-06-24,0.34803337306317045
2016-06-27,0.3484306714342471
2016-06-28,0.3488279698053238
2016-06-29,0.3492252681764005
2016-06-30,0.34962256654747714
2016-07-01,0.35001986491855386
2016-07-05,0.3504171632896305
2016-07-06,0.3508144616607072
2016-07-07,0.3512117600317839
2016-07-08,0.35160905840286055
2016-07-11,0.3520063567739372
2016-07-12,0.3524036551450139
2016-07-13,0.3528009535160906
2016-07-14,0.35319825188716725
2016-07-15,0.35359555025824396
2016-07-18,0.3539928486293206
2016-07-19,0.3543901470003973
2016-07-20,0.354787445371474
2016-07-21,0.35518474374255066
2016-07-22,0.3555820421136273
2016-07-25,0.35597934048470403
2016-07-26,0.3563766388557807
2016-07-27,0.35677393722685735
2016-07-28,0.35717123559793407
2016-07-29,0.3575685339690107
2016-08-01,0.3579658323400874
2016-08-02,0.3583631307111641
2016-08-03,0.35876042908224076
2016-08-04,0.3591577274533174
2016-08-05,0.35955502582439414
2016-08-08,0.3599523241954708
2016-08-09,0.36034962256654746
2016-08-10,0.36074692093762417
2016-08-11,0.36114421930870083
2016-08-12,0.3615415176797775
2016-08-15,0.3619388160508542
2016-08-16,0.36233611442193087
2016-08-17,0.3627334127930075
2016-08-18,0.36313071116408424
2016-08-19,0.3635280095351609
2016-08-22,0.36392530790623756
2016-08-23,0.3643226062773143
2016-08-24,0.36471990464839094
2016-08-25,0.3651172030194676
2016-08-26,0.3655145013905443
2016-08-29,0.36591179976162097
2016-08-30,0.36630909813269763
2016-08-31,0.36670639650377435
2016-09-01,0.367103694874851
2016-09-02,0.36750099324592767
2016-09-06,0.3678982916170044
2016-09-07,0.36829558998808104
2016-09-08,0.3686928883591577
2016-09-09,0.3690901867302344
2016-09-12,0.3694874851013111
2016-09-13,0.3698847834723878
2016-09-14,0.37028208184346445
2016-09-15,0.3706793802145411
2016-09-16,0.3710766785856178
2016-09-19,0.3714739769566945
2016-09-20,0.37187127532777114
2016-09-21,0.37226857369884786
2016-09-22,0.3726658720699245
2016-09-23,0.3730631704410012
2016-09-26,0.3734604688120779
2016-09-27,0.37385776718315455
2016-09-28,0.3742550655542312
2016-09-29,0.37465236392530793
2016-09-30,0.3750496622963846
2016-10-03,0.37544696066746125
2016-10-04,0.37584425903853796
2016-10-05,0.3762415574096146
2016-10-06,0.3766388557806913
2016-10-07,0.377036154151768
2016-10-10,0.37743345252284466
2016-10-11,0.3778307508939213
2016-10-12,0.37822804926499803
2016-10-13,0.3786253476360747
2016-10-14,0.37902264600715135
2016-10-17,0.37941994437822807
2016-10-18,0.37981724274930473
2016-10-19,0.3802145411203814
2016-10-20,0.3806118394914581
2016-10-21,0.38100913786253476
2016-10-24,0.3814064362336114
2016-10-25,0.38180373460468814
2016-10-26,0.3822010329757648
2016-10-27,0.38259833134684146
2016-10-28,0.3829956297179182
2016-10-31,0.38339292808899483
2016-11-01,0.3837902264600715
2016-11-02,0.3841875248311482
2016-11-03,0.38458482320222487
2016-11-04,0.38498212157330153
2016-11-07,0.38537941994437824
2016-11-08,0.3857767183154549
2016-11-09,0.38617401668653156
2016-11-10,0.3865713150576083
2016-11-11,0.38696861342868494
2016-11-14,0.3873659117997616
2016-11-15,0.3877632101708383
2016-11-16,0.388160508541915
2016-11-17,0.38855780691299163
2016-11-18,0.38895510528406835
2016-11-21,0.389352403655145
2016-11-22,0.38974970202622167
2016-11-23,0.3901470003972984
2016-11-25,0.39054429876837504
2016-11-28,0.3909415971394517
2016-11-29,0.3913388955105284
2016-11-30,0.3917361938816051
2016-12-01,0.39213349225268174
2016-12-02,0.39253079062375845
2016-12-05,0.3929280889948351
2016-12-06,0.3933253873659118
2016-12-07,0.3937226857369885
2016-12-08,0.39411998410806515
2016-12-09,0.39451728247914186
2016-12-12,0.3949145808502185
2016-12-13,0.3953118792212952
2016-12-14,0.3957091775923719
2016-12-15,0.39610647596344856
2016-12-16,0.3965037743345252
2016-12-19,0.39690107270560193
2016-12-20,0.3972983710766786
2016-12-21,0.39769566944775525
2016-12-22,0.39809296781883197
2016-12-23,0.3984902661899086
2016-12-27,0.3988875645609853
2016-12-28,0.399284862932062
2016-12-29,0.39968216130313866
2016-12-30,0.4000794596742153
2017-01-03,0.40047675804529204
2017-01-04,0.4008740564163687
2017-01-05,0.40127135478744536
2017-01-06,0.40166865315852207
2017-01-09,0.40206595152959873
2017-01-10,0.4024632499006754
2017-01-11,0.4028605482717521
2017-01-12,0.40325784664282877
2017-01-13,0.4036551450139054
2017-01-17,0.40405244338498214
2017-01-18,0.4044497417560588
2017-01-19,0.40484704012713546
2017-01-20,0.4052443384982122
2017-01-23,0.40564163686928884
2017-01-24,0.4060389352403655
2017-01-25,0.4064362336114422
2017-01-26,0.40683353198251887
2017-01-27,0.40723083035359553
2017-01-30,0.40762812872467225
2017-01-31,0.4080254270957489
2017-02-01,0.40842272546682556
2017-02-02,0.4088200238379023
2017-02-03,0.40921732220897894
2017-02-06,0.4096146205800556
2017-02-07,0.4100119189511323
2017-02-08,0.410409217322209
2017-02-09,0.41080651569328563
2017-02-10,0.41120381406436235
2017-02-13,0.411601112435439
2017-02-14,0.41199841080651567
2017-02-15,0.4123957091775924
2017-02-16,0.41279300754866904
2017-02-17,0.4131903059197457
2017-02-21,0.4135876042908224
2017-02-22,0.4139849026618991
2017-02-23,0.41438220103297574
2017-02-24,0.41477949940405245
2017-02-27,0.4151767977751291
2017-02-28,0.4155740961462058
2017-03-01,0.4159713945172825
2017-03-02,0.41636869288835915
2017-03-03,0.41676599125943586
2017-03-06,0.4171632896305125
2017-03-07,0.4175605880015892
2017-03-08,0.4179578863726659
2017-03-09,0.41835518474374256
2017-03-10,0.4187524831148192
2017-03-13,0.41914978148589593
2017-03-14,0.4195470798569726
2017-03-15,0.41994437822804925
2017-03-16,0.42034167659912597
2017-03-17,0.42073897497020263
2017-03-20,0.4211362733412793
2017-03-21,0.421533571712356
2017-03-22,0.42193087008343266
2017-03-23,0.4223281684545093
2017-03-24,0.42272546682558604
2017-03-27,0.4231227651966627
2017-03-28,0.42352006356773936
2017-03-29,0.4239173619388161
2017-03-30,0.42431466030989273
2017-03-31,0.4247119586809694
2017-04-03,0.4251092570520461
2017-04-04,0.42550655542312277
2017-04-05,0.4259038537941994
2017-04-06,0.42630115216527614
2017-04-07,0.4266984505363528
2017-04-10,0.42709574890742946
2017-04-11,0.4274930472785062
2017-04-12,0.42789034564958284
2017-04-13,0.4282876440206595
2017-04-17,0.4286849423917362
2017-04-18,0.42908224076281287
2017-04-19,0.42947953913388953
2017-04-20,0.42987683750496625
2017-04-21,0.4302741358760429
2017-04-24,0.43067143424711957
2017-04-25,0.4310687326181963
2017-04-26,0.43146603098927294
2017-04-27,0.4318633293603496
2017-04-28,0.4322606277314263
2017-05-01,0.432657926102503
2017-05-02,0.43305522447357964
2017-05-03,0.43345252284465635
2017-05-04,0.433849821215733
2017-05-05,0.43424711958680967
2017-05-08,0.4346444179578864
2017-05-09,0.43504171632896305
2017-05-10,0.4354390147000397
2017-05-11,0.4358363130711164
2017-05-12,0.4362336114421931
2017-05-15,0.43663090981326974
2017-05-16,0.43702820818434646
2017-05-17,0.4374255065554231
2017-05-18,0.4378228049264998
2017-05-19,0.4382201032975765
2017-05-22,0.43861740166865315
2017-05-23,0.4390147000397298
2017-05-24,0.4394119984108065
2017-05-25,0.4398092967818832
2017-05-26,0.44020659515295985
2017-05-30,0.44060389352403656
2017-05-31,0.4410011918951132
2017-06-01,0.44139849026618994
2017-06-02,0.4417957886372666
2017-06-05,0.44219308700834326
2017-06-06,0.44259038537941997
2017-06-07,0.44298768375049663
2017-06-08,0.4433849821215733
2017-06-09,0.44378228049265
2017-06-12,0.44417957886372667
2017-06-13,0.4445768772348033
2017-06-14,0.44497417560588004
2017-06-15,0.4453714739769567
2017-06-16,0.44576877234803336
2017-06-19,0.4461660707191101
2017-06-20,0.44656336909018673
2017-06-21,0.4469606674612634
2017-06-22,0.4473579658323401
2017-06-23,0.44775526420341677
2017-06-26,0.44815256257449343
2017-06-27,0.44854986094557014
2017-06-28,0.4489471593166468
2017-06-29,0.44934445768772346
2017-06-30,0.4497417560588002
2017-07-03,0.45013905442987684
2017-07-05,0.4505363528009535
2017-07-06,0.4509336511720302
2017-07-07,0.4513309495431069
2017-07-10,0.45172824791418353
2017-07-11,0.45212554628526025
2017-07-12,0.4525228446563369
2017-07-13,0.45292014302741357
2017-07-14,0.4533174413984903
2017-07-17,0.45371473976956694
2017-07-18,0.4541120381406436
2017-07-19,0.4545093365117203
2017-07-20,0.454906634882797
2017-07-21,0.45530393325387364
2017-07-24,0.45570123162495035
2017-07-25,0.456098529996027
2017-07-26,0.4564958283671037
2017-07-27,0.4568931267381804
2017-07-28,0.45729042510925705
2017-07-31,0.4576877234803337
2017-08-01,0.4580850218514104
2017-08-02,0.4584823202224871
2017-08-03,0.45887961859356374
2017-08-04,0.45927691696464046
2017-08-07,0.4596742153357171
2017-08-08,0.4600715137067938
2017-08-09,0.4604688120778705
2017-08-10,0.46086611044894715
2017-08-11,0.4612634088200238
2017-08-14,0.46166070719110053
2017-08-15,0.4620580055621772
2017-08-16,0.46245530393325385
2017-08-17,0.46285260230433056
2017-08-18,0.4632499006754072
2017-08-21,0.4636471990464839
2017-08-22,0.4640444974175606
2017-08-23,0.46444179578863726
2017-08-24,0.464839094159714
2017-08-25,0.46523639253079063
2017-08-28,0.4656336909018673
2017-08-29,0.466030989272944
2017-08-30,0.46642828764402067
2017-08-31,0.4668255860150973
2017-09-01,0.46722288438617404
2017-09-05,0.4676201827572507
2017-09-06,0.46801748112832736
2017-09-07,0.4684147794994041
2017-09-08,0.46881207787048074
2017-09-11,0.4692093762415574
2017-09-12,0.4696066746126341
2017-09-13,0.47000397298371077
2017-09-14,0.47040127135478743
2017-09-15,0.47079856972586415
2017-09-18,0.4711958680969408
2017-09-19,0.47159316646801747
2017-09-20,0.4719904648390942
2017-09-21,0.47238776321017084
2017-09-22,0.4727850615812475
2017-09-25,0.4731823599523242
2017-09-26,0.4735796583234009
2017-09-27,0.47397695669447754
2017-09-28,0.47437425506555425
2017-09-29,0.4747715534366309
2017-10-02,0.47516885180770757
2017-10-03,0.4755661501787843
2017-10-04,0.47596344854986095
2017-10-05,0.4763607469209376
2017-10-06,0.4767580452920143
2017-10-09,0.477155343663091
2017-10-10,0.47755264203416764
2017-10-11,0.47794994040524436
2017-10-12,0.478347238776321
2017-10-13,0.4787445371473977
2017-10-16,0.4791418355184744
2017-10-17,0.47953913388955105
2017-10-18,0.4799364322606277
2017-10-19,0.4803337306317044
2017-10-20,0.4807310290027811
2017-10-23,0.48112832737385774
2017-10-24,0.48152562574493446
2017-10-25,0.4819229241160111
2017-10-26,0.4823202224870878
2017-10-27,0.4827175208581645
2017-10-30,0.48311481922924115
2017-10-31,0.4835121176003178
2017-11-01,0.48390941597139453
2017-11-02,0.4843067143424712
2017-11-03,0.48470401271354785
2017-11-06,0.48510131108462456
2017-11-07,0.4854986094557012
2017-11-08,0.4858959078267779
2017-11-09,0.4862932061978546
2017-11-10,0.48669050456893126
2017-11-13,0.4870878029400079
2017-11-14,0.48748510131108463
2017-11-15,0.4878823996821613
2017-11-16,0.488279698053238
2017-11-17,0.48867699642431467
2017-11-20,0.48907429479539133
2017-11-21,0.48947159316646804
2017-11-22,0.4898688915375447
2017-11-24,0.49026618990862136
2017-11-27,0.4906634882796981
2017-11-28,0.49106078665077474
2017-11-29,0.4914580850218514
2017-11-30,0.4918553833929281
2017-12-01,0.4922526817640048
2017-12-04,0.49264998013508143
2017-12-05,0.49304727850615815
2017-12-06,0.4934445768772348
2017-12-07,0.49384187524831147
2017-12-08,0.4942391736193882
2017-12-11,0.49463647199046484
2017-12-12,0.4950337703615415
2017-12-13,0.4954310687326182
2017-12-14,0.4958283671036949
2017-12-15,0.49622566547477154
2017-12-18,0.49662296384584825
2017-12-19,0.4970202622169249
2017-12-20,0.4974175605880016
2017-12-21,0.4978148589590783
2017-12-22,0.49821215733015495
2017-12-26,0.4986094557012316
2017-12-27,0.4990067540723083
2017-12-28,0.499404052443385
2017-12-29,0.49980135081446164
2018-01-02,0.5001986491855384
2018-01-03,0.5005959475566151
2018-01-04,0.5009932459276917
2018-01-05,0.5013905442987684
2018-01-08,0.5017878426698451
2018-01-09,0.5021851410409217
2018-01-10,0.5025824394119984
2018-01-11,0.5029797377830751
2018-01-12,0.5033770361541517
2018-01-16,0.5037743345252285
2018-01-17,0.5041716328963052
2018-01-18,0.5045689312673818
2018-01-19,0.5049662296384585
2018-01-22,0.5053635280095352
2018-01-23,0.5057608263806118
2018-01-24,0.5061581247516885
2018-01-25,0.5065554231227652
2018-01-26,0.5069527214938419
2018-01-29,0.5073500198649186
2018-01-30,0.5077473182359953
2018-01-31,0.5081446166070719
2018-02-01,0.5085419149781486
2018-02-02,0.5089392133492253
2018-02-05,0.5093365117203019
2018-02-06,0.5097338100913786
2018-02-07,0.5101311084624554
2018-02-08,0.510528406833532
2018-02-09,0.5109257052046087
2018-02-12,0.5113230035756854
2018-02-13,0.511720301946762
2018-02-14,0.5121176003178387
2018-02-15,0.5125148986889154
2018-02-16,0.512912197059992
2018-02-20,0.5133094954310687
2018-02-21,0.5137067938021455
2018-02-22,0.5141040921732221
2018-02-23,0.5145013905442988
2018-02-26,0.5148986889153755
2018-02-27,0.5152959872864521
2018-02-28,0.5156932856575288
2018-03-01,0.5160905840286055
2018-03-02,0.5164878823996821
2018-03-05,0.5168851807707588
2018-03-06,0.5172824791418356
2018-03-07,0.5176797775129122
2018-03-08,0.5180770758839889
2018-03-09,0.5184743742550656
2018-03-12,0.5188716726261422
2018-03-13,0.5192689709972189
2018-03-14,0.5196662693682956
2018-03-15,0.5200635677393722
2018-03-16,0.520460866110449
2018-03-19,0.5208581644815257
2018-03-20,0.5212554628526023
2018-03-21,0.521652761223679
2018-03-22,0.5220500595947557
2018-03-23,0.5224473579658323
2018-03-26,0.522844656336909
2018-03-27,0.5232419547079857
2018-03-28,0.5236392530790623
2018-03-29,0.524036551450139
2018-04-02,0.5244338498212158
2018-04-03,0.5248311481922924
2018-04-04,0.5252284465633691
2018-04-05,0.5256257449344458
2018-04-06,0.5260230433055224
2018-04-09,0.5264203416765991
2018-04-10,0.5268176400476758
2018-04-11,0.5272149384187524
2018-04-12,0.5276122367898292
2018-04-13,0.5280095351609059
2018-04-16,0.5284068335319825
2018-04-17,0.5288041319030592
2018-04-18,0.5292014302741359
2018-04-19,0.5295987286452125
2018-04-20,0.5299960270162892
2018-04-23,0.5303933253873659
2018-04-24,0.5307906237584425
2018-04-25,0.5311879221295193
2018-04-26,0.531585220500596
2018-04-27,0.5319825188716726
2018-04-30,0.5323798172427493
2018-05-01,0.532777115613826
2018-05-02,0.5331744139849026
2018-05-03,0.5335717123559793
2018-05-04,0.533969010727056
2018-05-07,0.5343663090981327
2018-05-08,0.5347636074692094
2018-05-09,0.5351609058402861
2018-05-10,0.5355582042113627
2018-05-11,0.5359555025824394
2018-05-14,0.5363528009535161
2018-05-15,0.5367500993245927
2018-05-16,0.5371473976956694
2018-05-17,0.5375446960667462
2018-05-18,0.5379419944378228
2018-05-21,0.5383392928088995
2018-05-22,0.5387365911799762
2018-05-23,0.5391338895510528
2018-05-24,0.5395311879221295
2018-05-25,0.5399284862932062
2018-05-29,0.5403257846642828
2018-05-30,0.5407230830353595
2018-05-31,0.5411203814064363
2018-06-01,0.5415176797775129
2018-06-04,0.5419149781485896
2018-06-05,0.5423122765196663
2018-06-06,0.5427095748907429
2018-06-07,0.5431068732618196
2018-06-08,0.5435041716328963
2018-06-11,0.5439014700039729
2018-06-12,0.5442987683750496
2018-06-13,0.5446960667461264
2018-06-14,0.545093365117203
2018-06-15,0.5454906634882797
2018-06-18,0.5458879618593564
2018-06-19,0.546285260230433
2018-06-20,0.5466825586015097
2018-06-21,0.5470798569725864
2018-06-22,0.547477155343663
2018-06-25,0.5478744537147398
2018-06-26,0.5482717520858165
2018-06-27,0.5486690504568932
2018-06-28,0.5490663488279698
2018-06-29,0.5494636471990465
2018-07-02,0.5498609455701232
2018-07-03,0.5502582439411998
2018-07-05,0.5506555423122765
2018-07-06,0.5510528406833533
2018-07-09,0.5514501390544299
2018-07-10,0.5518474374255066
2018-07-11,0.5522447357965833
2018-07-12,0.5526420341676599
2018-07-13,0.5530393325387366
2018-07-16,0.5534366309098133
2018-07-17,0.5538339292808899
2018-07-18,0.5542312276519666
2018-07-19,0.5546285260230434
2018-07-20,0.55502582439412
2018-07-23,0.5554231227651967
2018-07-24,0.5558204211362734
2018-07-25,0.55621771950735
2018-07-26,0.5566150178784267
2018-07-27,0.5570123162495034
2018-07-30,0.55740961462058
2018-07-31,0.5578069129916567
2018-08-01,0.5582042113627335
2018-08-02,0.5586015097338101
2018-08-03,0.5589988081048868
2018-08-06,0.5593961064759635
2018-08-07,0.5597934048470401
2018-08-08,0.5601907032181168
2018-08-09,0.5605880015891935
2018-08-10,0.5609852999602701
2018-08-13,0.5613825983313468
2018-08-14,0.5617798967024236
2018-08-15,0.5621771950735002
2018-08-16,0.5625744934445769
2018-08-17,0.5629717918156536
2018-08-20,0.5633690901867302
2018-08-21,0.5637663885578069
2018-08-22,0.5641636869288836
2018-08-23,0.5645609852999602
2018-08-24,0.564958283671037
2018-08-27,0.5653555820421137
2018-08-28,0.5657528804131903
2018-08-29,0.566150178784267
2018-08-30,0.5665474771553437
2018-08-31,0.5669447755264203
2018-09-04,0.567342073897497
2018-09-05,0.5677393722685737
2018-09-06,0.5681366706396503
2018-09-07,0.5685339690107271
2018-09-10,0.5689312673818038
2018-09-11,0.5693285657528804
2018-09-12,0.5697258641239571
2018-09-13,0.5701231624950338
2018-09-14,0.5705204608661104
2018-09-17,0.5709177592371871
2018-09-18,0.5713150576082638
2018-09-19,0.5717123559793404
2018-09-20,0.5721096543504172
2018-09-21,0.5725069527214939
2018-09-24,0.5729042510925705
2018-09-25,0.5733015494636472
2018-09-26,0.5736988478347239
2018-09-27,0.5740961462058005
2018-09-28,0.5744934445768772
2018-10-01,0.574890742947954
2018-10-02,0.5752880413190306
2018-10-03,0.5756853396901073
2018-10-04,0.576082638061184
2018-10-05,0.5764799364322606
2018-10-08,0.5768772348033373
2018-10-09,0.577274533174414
2018-10-10,0.5776718315454906
2018-10-11,0.5780691299165673
2018-10-12,0.578466428287644
2018-10-15,0.5788637266587207
2018-10-16,0.5792610250297974
2018-10-17,0.5796583234008741
2018-10-18,0.5800556217719507
2018-10-19,0.5804529201430274
2018-10-22,0.5808502185141041
2018-10-23,0.5812475168851807
2018-10-24,0.5816448152562574
2018-10-25,0.5820421136273342
2018-10-26,0.5824394119984108
2018-10-29,0.5828367103694875
2018-10-30,0.5832340087405642
2018-10-31,0.5836313071116408
2018-11-01,0.5840286054827175
2018-11-02,0.5844259038537942
2018-11-05,0.5848232022248708
2018-11-06,0.5852205005959475
2018-11-07,0.5856177989670243
2018-11-08,0.5860150973381009
2018-11-09,0.5864123957091776
2018-11-12,0.5868096940802543
2018-11-13,0.5872069924513309
2018-11-14,0.5876042908224076
2018-11-15,0.5880015891934843
2018-11-16,0.5883988875645609
2018-11-19,0.5887961859356377
2018-11-20,0.5891934843067144
2018-11-21,0.589590782677791
2018-11-23,0.5899880810488677
2018-11-26,0.5903853794199444
2018-11-27,0.590782677791021
2018-11-28,0.5911799761620977
2018-11-29,0.5915772745331744
2018-11-30,0.591974572904251
2018-12-03,0.5923718712753278
2018-12-04,0.5927691696464045
2018-12-06,0.5931664680174811
2018-12-07,0.5935637663885578
2018-12-10,0.5939610647596345
2018-12-11,0.5943583631307111
2018-12-12,0.5947556615017878
2018-12-13,0.5951529598728645
2018-12-14,0.5955502582439413
2018-12-17,0.5959475566150179
2018-12-18,0.5963448549860946
2018-12-19,0.5967421533571713
2018-12-20,0.5971394517282479
2018-12-21,0.5975367500993246
2018-12-24,0.5979340484704013
2018-12-26,0.5983313468414779
2018-12-27,0.5987286452125546
2018-12-28,0.5991259435836314
2018-12-31,0.599523241954708
2019-01-02,0.5999205403257847
2019-01-03,0.6003178386968614
2019-01-04,0.600715137067938
2019-01-07,0.6011124354390147
2019-01-08,0.6015097338100914
2019-01-09,0.601907032181168
2019-01-10,0.6023043305522447
2019-01-11,0.6027016289233215
2019-01-14,0.6030989272943981
2019-01-15,0.6034962256654748
2019-01-16,0.6038935240365515
2019-01-17,0.6042908224076281
2019-01-18,0.6046881207787048
2019-01-22,0.6050854191497815
2019-01-23,0.6054827175208581
2019-01-24,0.6058800158919349
2019-01-25,0.6062773142630116
2019-01-28,0.6066746126340882
2019-01-29,0.6070719110051649
2019-01-30,0.6074692093762416
2019-01-31,0.6078665077473182
2019-02-01,0.6082638061183949
2019-02-04,0.6086611044894716
2019-02-05,0.6090584028605482
2019-02-06,0.609455701231625
2019-02-07,0.6098529996027017
2019-02-08,0.6102502979737783
2019-02-11,0.610647596344855
2019-02-12,0.6110448947159317
2019-02-13,0.6114421930870083
2019-02-14,0.611839491458085
2019-02-15,0.6122367898291617
2019-02-19,0.6126340882002383
2019-02-20,0.6130313865713151
2019-02-21,0.6134286849423918
2019-02-22,0.6138259833134684
2019-02-25,0.6142232816845451
2019-02-26,0.6146205800556218
2019-02-27,0.6150178784266984
2019-02-28,0.6154151767977751
2019-03-01,0.6158124751688518
2019-03-04,0.6162097735399285
2019-03-05,0.6166070719110052
2019-03-06,0.6170043702820819
2019-03-07,0.6174016686531585
2019-03-08,0.6177989670242352
2019-03-11,0.6181962653953119
2019-03-12,0.6185935637663885
2019-03-13,0.6189908621374652
2019-03-14,0.619388160508542
2019-03-15,0.6197854588796186
2019-03-18,0.6201827572506953
2019-03-19,0.620580055621772
2019-03-20,0.6209773539928486
2019-03-21,0.6213746523639253
2019-03-22,0.621771950735002
2019-03-25,0.6221692491060786
2019-03-26,0.6225665474771553
2019-03-27,0.6229638458482321
2019-03-28,0.6233611442193087
2019-03-29,0.6237584425903854
2019-04-01,0.6241557409614621
2019-04-02,0.6245530393325387
2019-04-03,0.6249503377036154
2019-04-04,0.6253476360746921
2019-04-05,0.6257449344457687
2019-04-08,0.6261422328168454
2019-04-09,0.6265395311879222
2019-04-10,0.6269368295589988
2019-04-11,0.6273341279300755
2019-04-12,0.6277314263011522
2019-04-15,0.6281287246722288
2019-04-16,0.6285260230433055
2019-04-17,0.6289233214143822
2019-04-18,0.6293206197854588
2019-04-22,0.6297179181565355
2019-04-23,0.6301152165276123
2019-04-24,0.6305125148986889
2019-04-25,0.6309098132697656
2019-04-26,0.6313071116408423
2019-04-29,0.6317044100119189
2019-04-30,0.6321017083829956
2019-05-01,0.6324990067540723
2019-05-02,0.6328963051251489
2019-05-03,0.6332936034962257
2019-05-06,0.6336909018673024
2019-05-07,0.634088200238379
2019-05-08,0.6344854986094557
2019-05-09,0.6348827969805324
2019-05-10,0.635280095351609
2019-05-13,0.6356773937226857
2019-05-14,0.6360746920937624
2019-05-15,0.636471990464839
2019-05-16,0.6368692888359158
2019-05-17,0.6372665872069925
2019-05-20,0.6376638855780691
2019-05-21,0.6380611839491458
2019-05-22,0.6384584823202225
2019-05-23,0.6388557806912991
2019-05-24,0.6392530790623758
2019-05-28,0.6396503774334525
2019-05-29,0.6400476758045291
2019-05-30,0.6404449741756059
2019-05-31,0.6408422725466826
2019-06-03,0.6412395709177592
2019-06-04,0.6416368692888359
2019-06-05,0.6420341676599126
2019-06-06,0.6424314660309892
2019-06-07,0.6428287644020659
2019-06-10,0.6432260627731426
2019-06-11,0.6436233611442194
2019-06-12,0.644020659515296
2019-06-13,0.6444179578863727
2019-06-14,0.6448152562574494
2019-06-17,0.645212554628526
2019-06-18,0.6456098529996027
2019-06-19,0.6460071513706794
2019-06-20,0.646404449741756
2019-06-21,0.6468017481128328
2019-06-24,0.6471990464839095
2019-06-25,0.6475963448549861
2019-06-26,0.6479936432260628
2019-06-27,0.6483909415971395
2019-06-28,0.6487882399682161
2019-07-01,0.6491855383392928
2019-07-02,0.6495828367103695
2019-07-03,0.6499801350814461
2019-07-05,0.6503774334525229
2019-07-08,0.6507747318235996
2019-07-09,0.6511720301946762
2019-07-10,0.6515693285657529
2019-07-11,0.6519666269368296
2019-07-12,0.6523639253079062
2019-07-15,0.6527612236789829
2019-07-16,0.6531585220500596
2019-07-17,0.6535558204211362
2019-07-18,0.653953118792213
2019-07-19,0.6543504171632897
2019-07-22,0.6547477155343663
2019-07-23,0.655145013905443
2019-07-24,0.6555423122765197
2019-07-25,0.6559396106475963
2019-07-26,0.656336909018673
2019-07-29,0.6567342073897497
2019-07-30,0.6571315057608264
2019-07-31,0.6575288041319031
2019-08-01,0.6579261025029798
2019-08-02,0.6583234008740564
2019-08-05,0.6587206992451331
2019-08-06,0.6591179976162098
2019-08-07,0.6595152959872864
2019-08-08,0.6599125943583631
2019-08-09,0.6603098927294399
2019-08-12,0.6607071911005165
2019-08-13,0.6611044894715932
2019-08-14,0.6615017878426699
2019-08-15,0.6618990862137465
2019-08-16,0.6622963845848232
2019-08-19,0.6626936829558999
2019-08-20,0.6630909813269765
2019-08-21,0.6634882796980532
2019-08-22,0.66388557806913
2019-08-23,0.6642828764402066
2019-08-26,0.6646801748112833
2019-08-27,0.66507747318236
2019-08-28,0.6654747715534366
2019-08-29,0.6658720699245133
2019-08-30,0.66626936829559
2019-09-03,0.6666666666666666
2019-09-04,0.6670639650377433
2019-09-05,0.6674612634088201
2019-09-06,0.6678585617798967
2019-09-09,0.6682558601509734
2019-09-10,0.6686531585220501
2019-09-11,0.6690504568931267
2019-09-12,0.6694477552642034
2019-09-13,0.6698450536352801
2019-09-16,0.6702423520063567
2019-09-17,0.6706396503774334
2019-09-18,0.6710369487485102
2019-09-19,0.6714342471195868
2019-09-20,0.6718315454906635
2019-09-23,0.6722288438617402
2019-09-24,0.6726261422328168
2019-09-25,0.6730234406038935
2019-09-26,0.6734207389749702
2019-09-27,0.6738180373460468
2019-09-30,0.6742153357171236
2019-10-01,0.6746126340882003
2019-10-02,0.6750099324592769
2019-10-03,0.6754072308303536
2019-10-04,0.6758045292014303
2019-10-07,0.6762018275725069
2019-10-08,0.6765991259435836
2019-10-09,0.6769964243146603
2019-10-10,0.6773937226857369
2019-10-11,0.6777910210568137
2019-10-14,0.6781883194278904
2019-10-15,0.678585617798967
2019-10-16,0.6789829161700437
2019-10-17,0.6793802145411204
2019-10-18,0.679777512912197
2019-10-21,0.6801748112832737
2019-10-22,0.6805721096543504
2019-10-23,0.680969408025427
2019-10-24,0.6813667063965038
2019-10-25,0.6817640047675805
2019-10-28,0.6821613031386571
2019-10-29,0.6825586015097338
2019-10-30,0.6829558998808105
2019-10-31,0.6833531982518871
2019-11-01,0.6837504966229638
2019-11-04,0.6841477949940405
2019-11-05,0.6845450933651172
2019-11-06,0.6849423917361939
2019-11-07,0.6853396901072706
2019-11-08,0.6857369884783472
2019-11-11,0.6861342868494239
2019-11-12,0.6865315852205006
2019-11-13,0.6869288835915772
2019-11-14,0.6873261819626539
2019-11-15,0.6877234803337307
2019-11-18,0.6881207787048073
2019-11-19,0.688518077075884
2019-11-20,0.6889153754469607
2019-11-21,0.6893126738180373
2019-11-22,0.689709972189114
2019-11-25,0.6901072705601907
2019-11-26,0.6905045689312674
2019-11-27,0.690901867302344
2019-11-29,0.6912991656734208
2019-12-02,0.6916964640444975
2019-12-03,0.6920937624155741
2019-12-04,0.6924910607866508
2019-12-05,0.6928883591577275
2019-12-06,0.6932856575288041
2019-12-09,0.6936829558998808
2019-12-10,0.6940802542709575
2019-12-11,0.6944775526420341
2019-12-12,0.6948748510131109
2019-12-13,0.6952721493841876
2019-12-16,0.6956694477552642
2019-12-17,0.6960667461263409
2019-12-18,0.6964640444974176
2019-12-19,0.6968613428684942
2019-12-20,0.6972586412395709
2019-12-23,0.6976559396106476
2019-12-24,0.6980532379817243
2019-12-26,0.698450536352801
2019-12-27,0.6988478347238777
2019-12-30,0.6992451330949543
2019-12-31,0.699642431466031
2020-01-02,0.7000397298371077
2020-01-03,0.7004370282081843
2020-01-06,0.700834326579261
2020-01-07,0.7012316249503378
2020-01-08,0.7016289233214144
2020-01-09,0.7020262216924911
2020-01-10,0.7024235200635678
2020-01-13,0.7028208184346444
2020-01-14,0.7032181168057211
2020-01-15,0.7036154151767978
2020-01-16,0.7040127135478744
2020-01-17,0.7044100119189511
2020-01-21,0.7048073102900279
2020-01-22,0.7052046086611045
2020-01-23,0.7056019070321812
2020-01-24,0.7059992054032579
2020-01-27,0.7063965037743345
2020-01-28,0.7067938021454112
2020-01-29,0.7071911005164879
2020-01-30,0.7075883988875645
2020-01-31,0.7079856972586412
2020-02-03,0.708382995629718
2020-02-04,0.7087802940007946
2020-02-05,0.7091775923718713
2020-02-06,0.709574890742948
2020-02-07,0.7099721891140246
2020-02-10,0.7103694874851013
2020-02-11,0.710766785856178
2020-02-12,0.7111640842272546
2020-02-13,0.7115613825983313
2020-02-14,0.7119586809694081
2020-02-18,0.7123559793404847
2020-02-19,0.7127532777115614
2020-02-20,0.7131505760826381
2020-02-21,0.7135478744537147
2020-02-24,0.7139451728247914
2020-02-25,0.7143424711958681
2020-02-26,0.7147397695669447
2020-02-27,0.7151370679380215
2020-02-28,0.7155343663090982
2020-03-02,0.7159316646801748
2020-03-03,0.7163289630512515
2020-03-04,0.7167262614223282
2020-03-05,0.7171235597934048
2020-03-06,0.7175208581644815
2020-03-09,0.7179181565355582
2020-03-10,0.7183154549066348
2020-03-11,0.7187127532777116
2020-03-12,0.7191100516487883
2020-03-13,0.7195073500198649
2020-03-16,0.7199046483909416
2020-03-17,0.7203019467620183
2020-03-18,0.7206992451330949
2020-03-19,0.7210965435041716
2020-03-20,0.7214938418752483
2020-03-23,0.721891140246325
2020-03-24,0.7222884386174017
2020-03-25,0.7226857369884784
2020-03-26,0.723083035359555
2020-03-27,0.7234803337306317
2020-03-30,0.7238776321017084
2020-03-31,0.724274930472785
2020-04-01,0.7246722288438617
2020-04-02,0.7250695272149384
2020-04-03,0.725466825586015
2020-04-06,0.7258641239570918
2020-04-07,0.7262614223281685
2020-04-08,0.7266587206992451
2020-04-09,0.7270560190703218
2020-04-13,0.7274533174413985
2020-04-14,0.7278506158124751
2020-04-15,0.7282479141835518
2020-04-16,0.7286452125546286
2020-04-17,0.7290425109257052
2020-04-20,0.7294398092967819
2020-04-21,0.7298371076678586
2020-04-22,0.7302344060389352
2020-04-23,0.7306317044100119
2020-04-24,0.7310290027810886
2020-04-27,0.7314263011521652
2020-04-28,0.7318235995232419
2020-04-29,0.7322208978943187
2020-04-30,0.7326181962653953
2020-05-01,0.733015494636472
2020-05-04,0.7334127930075487
2020-05-05,0.7338100913786253
2020-05-06,0.734207389749702
2020-05-07,0.7346046881207787
2020-05-08,0.7350019864918553
2020-05-11,0.735399284862932
2020-05-12,0.7357965832340088
2020-05-13,0.7361938816050854
2020-05-14,0.7365911799761621
2020-05-15,0.7369884783472388
2020-05-18,0.7373857767183154
2020-05-19,0.7377830750893921
2020-05-20,0.7381803734604688
2020-05-21,0.7385776718315455
2020-05-22,0.7389749702026222
2020-05-26,0.7393722685736989
2020-05-27,0.7397695669447756
2020-05-28,0.7401668653158522
2020-05-29,0.7405641636869289
2020-06-01,0.7409614620580056
2020-06-02,0.7413587604290822
2020-06-03,0.7417560588001589
2020-06-04,0.7421533571712357
2020-06-05,0.7425506555423123
2020-06-08,0.742947953913389
2020-06-09,0.7433452522844657
2020-06-10,0.7437425506555423
2020-06-11,0.744139849026619
2020-06-12,0.7445371473976957
2020-06-15,0.7449344457687723
2020-06-16,0.745331744139849
2020-06-17,0.7457290425109258
2020-06-18,0.7461263408820024
2020-06-19,0.7465236392530791
2020-06-22,0.7469209376241558
2020-06-23,0.7473182359952324
2020-06-24,0.7477155343663091
2020-06-25,0.7481128327373858
2020-06-26,0.7485101311084624
2020-06-29,0.7489074294795391
2020-06-30,0.7493047278506159
2020-07-01,0.7497020262216925
2020-07-02,0.7500993245927692
2020-07-06,0.7504966229638459
2020-07-07,0.7508939213349225
2020-07-08,0.7512912197059992
2020-07-09,0.7516885180770759
2020-07-10,0.7520858164481525
2020-07-13,0.7524831148192292
2020-07-14,0.752880413190306
2020-07-15,0.7532777115613826
2020-07-16,0.7536750099324593
2020-07-17,0.754072308303536
2020-07-20,0.7544696066746126
2020-07-21,0.7548669050456893
2020-07-22,0.755264203416766
2020-07-23,0.7556615017878426
2020-07-24,0.7560588001589194
2020-07-27,0.7564560985299961
2020-07-28,0.7568533969010727
2020-07-29,0.7572506952721494
2020-07-30,0.7576479936432261
2020-07-31,0.7580452920143027
2020-08-03,0.7584425903853794
2020-08-04,0.7588398887564561
2020-08-05,0.7592371871275327
2020-08-06,0.7596344854986095
2020-08-07,0.7600317838696862
2020-08-10,0.7604290822407628
2020-08-11,0.7608263806118395
2020-08-12,0.7612236789829162
2020-08-13,0.7616209773539928
2020-08-14,0.7620182757250695
2020-08-17,0.7624155740961462
2020-08-18,0.7628128724672228
2020-08-19,0.7632101708382996
2020-08-20,0.7636074692093763
2020-08-21,0.7640047675804529
2020-08-24,0.7644020659515296
2020-08-25,0.7647993643226063
2020-08-26,0.7651966626936829
2020-08-27,0.7655939610647596
2020-08-28,0.7659912594358363
2020-08-31,0.766388557806913
2020-09-01,0.7667858561779897
2020-09-02,0.7671831545490664
2020-09-03,0.767580452920143
2020-09-04,0.7679777512912197
2020-09-08,0.7683750496622964
2020-09-09,0.768772348033373
2020-09-10,0.7691696464044497
2020-09-11,0.7695669447755265
2020-09-14,0.7699642431466031
2020-09-15,0.7703615415176798
2020-09-16,0.7707588398887565
2020-09-17,0.7711561382598331
2020-09-18,0.7715534366309098
2020-09-21,0.7719507350019865
2020-09-22,0.7723480333730631
2020-09-23,0.7727453317441398
2020-09-24,0.7731426301152166
2020-09-25,0.7735399284862932
2020-09-28,0.7739372268573699
2020-09-29,0.7743345252284466
2020-09-30,0.7747318235995232
2020-10-01,0.7751291219705999
2020-10-02,0.7755264203416766
2020-10-05,0.7759237187127532
2020-10-06,0.77632101708383
2020-10-07,0.7767183154549067
2020-10-08,0.7771156138259833
2020-10-09,0.77751291219706
2020-10-12,0.7779102105681367
2020-10-13,0.7783075089392133
2020-10-14,0.77870480731029
2020-10-15,0.7791021056813667
2020-10-16,0.7794994040524433
2020-10-19,0.77989670242352
2020-10-20,0.7802940007945968
2020-10-21,0.7806912991656734
2020-10-22,0.7810885975367501
2020-10-23,0.7814858959078268
2020-10-26,0.7818831942789034
2020-10-27,0.7822804926499801
2020-10-28,0.7826777910210568
2020-10-29,0.7830750893921334
2020-10-30,0.7834723877632102
2020-11-02,0.7838696861342869
2020-11-03,0.7842669845053635
2020-11-04,0.7846642828764402
2020-11-05,0.7850615812475169
2020-11-06,0.7854588796185935
2020-11-09,0.7858561779896702
2020-11-10,0.7862534763607469
2020-11-11,0.7866507747318237
2020-11-12,0.7870480731029003
2020-11-13,0.787445371473977
2020-11-16,0.7878426698450537
2020-11-17,0.7882399682161303
2020-11-18,0.788637266587207
2020-11-19,0.7890345649582837
2020-11-20,0.7894318633293603
2020-11-23,0.789829161700437
2020-11-24,0.7902264600715138
2020-11-25,0.7906237584425904
2020-11-27,0.7910210568136671
2020-11-30,0.7914183551847438
2020-12-01,0.7918156535558204
2020-12-02,0.7922129519268971
2020-12-03,0.7926102502979738
2020-12-04,0.7930075486690504
2020-12-07,0.7934048470401271
2020-12-08,0.7938021454112039
2020-12-09,0.7941994437822805
2020-12-10,0.7945967421533572
2020-12-11,0.7949940405244339
2020-12-14,0.7953913388955105
2020-12-15,0.7957886372665872
2020-12-16,0.7961859356376639
2020-12-17,0.7965832340087405
2020-12-18,0.7969805323798173
2020-12-21,0.797377830750894
2020-12-22,0.7977751291219706
2020-12-23,0.7981724274930473
2020-12-24,0.798569725864124
2020-12-28,0.7989670242352006
2020-12-29,0.7993643226062773
2020-12-30,0.799761620977354
2020-12-31,0.8001589193484306
2021-01-04,0.8005562177195074
2021-01-05,0.8009535160905841
2021-01-06,0.8013508144616607
2021-01-07,0.8017481128327374
2021-01-08,0.8021454112038141
2021-01-11,0.8025427095748907
2021-01-12,0.8029400079459674
2021-01-13,0.8033373063170441
2021-01-14,0.8037346046881207
2021-01-15,0.8041319030591975
2021-01-19,0.8045292014302742
2021-01-20,0.8049264998013508
2021-01-21,0.8053237981724275
2021-01-22,0.8057210965435042
2021-01-25,0.8061183949145808
2021-01-26,0.8065156932856575
2021-01-27,0.8069129916567342
2021-01-28,0.8073102900278109
2021-01-29,0.8077075883988876
2021-02-01,0.8081048867699643
2021-02-02,0.8085021851410409
2021-02-03,0.8088994835121176
2021-02-04,0.8092967818831943
2021-02-05,0.8096940802542709
2021-02-08,0.8100913786253476
2021-02-09,0.8104886769964244
2021-02-10,0.810885975367501
2021-02-11,0.8112832737385777
2021-02-12,0.8116805721096544
2021-02-16,0.812077870480731
2021-02-17,0.8124751688518077
2021-02-18,0.8128724672228844
2021-02-19,0.813269765593961
2021-02-22,0.8136670639650377
2021-02-23,0.8140643623361145
2021-02-24,0.8144616607071911
2021-02-25,0.8148589590782678
2021-02-26,0.8152562574493445
2021-03-01,0.8156535558204211
2021-03-02,0.8160508541914978
2021-03-03,0.8164481525625745
2021-03-04,0.8168454509336511
2021-03-05,0.8172427493047278
2021-03-08,0.8176400476758046
2021-03-09,0.8180373460468812
2021-03-10,0.8184346444179579
2021-03-11,0.8188319427890346
2021-03-12,0.8192292411601112
2021-03-15,0.8196265395311879
2021-03-16,0.8200238379022646
2021-03-17,0.8204211362733412
2021-03-18,0.820818434644418
2021-03-19,0.8212157330154947
2021-03-22,0.8216130313865713
2021-03-23,0.822010329757648
2021-03-24,0.8224076281287247
2021-03-25,0.8228049264998013
2021-03-26,0.823202224870878
2021-03-29,0.8235995232419547
2021-03-30,0.8239968216130313
2021-03-31,0.824394119984108
2021-04-01,0.8247914183551848
2021-04-05,0.8251887167262614
2021-04-06,0.8255860150973381
2021-04-07,0.8259833134684148
2021-04-08,0.8263806118394914
2021-04-09,0.8267779102105681
2021-04-12,0.8271752085816448
2021-04-13,0.8275725069527214
2021-04-14,0.8279698053237982
2021-04-15,0.8283671036948749
2021-04-16,0.8287644020659515
2021-04-19,0.8291617004370282
2021-04-20,0.8295589988081049
2021-04-21,0.8299562971791815
2021-04-22,0.8303535955502582
2021-04-23,0.8307508939213349
2021-04-26,0.8311481922924115
2021-04-27,0.8315454906634883
2021-04-28,0.831942789034565
2021-04-29,0.8323400874056416
2021-04-30,0.8327373857767183
2021-05-03,0.833134684147795
2021-05-04,0.8335319825188717
2021-05-05,0.8339292808899483
2021-05-06,0.834326579261025
2021-05-07,0.8347238776321018
2021-05-10,0.8351211760031784
2021-05-11,0.8355184743742551
2021-05-12,0.8359157727453318
2021-05-13,0.8363130711164084
2021-05-14,0.8367103694874851
2021-05-17,0.8371076678585618
2021-05-18,0.8375049662296384
2021-05-19,0.8379022646007152
2021-05-20,0.8382995629717919
2021-05-21,0.8386968613428685
2021-05-24,0.8390941597139452
2021-05-25,0.8394914580850219
2021-05-26,0.8398887564560985
2021-05-27,0.8402860548271752
2021-05-28,0.8406833531982519
2021-06-01,0.8410806515693285
2021-06-02,0.8414779499404053
2021-06-03,0.841875248311482
2021-06-04,0.8422725466825586
2021-06-07,0.8426698450536353
2021-06-08,0.843067143424712
2021-06-09,0.8434644417957886
2021-06-10,0.8438617401668653
2021-06-11,0.844259038537942
2021-06-14,0.8446563369090186
2021-06-15,0.8450536352800954
2021-06-16,0.8454509336511721
2021-06-17,0.8458482320222487
2021-06-18,0.8462455303933254
2021-06-21,0.8466428287644021
2021-06-22,0.8470401271354787
2021-06-23,0.8474374255065554
2021-06-24,0.8478347238776321
2021-06-25,0.8482320222487088
2021-06-28,0.8486293206197855
2021-06-29,0.8490266189908622
2021-06-30,0.8494239173619388
2021-07-01,0.8498212157330155
2021-07-02,0.8502185141040922
2021-07-06,0.8506158124751688
2021-07-07,0.8510131108462455
2021-07-08,0.8514104092173223
2021-07-09,0.8518077075883989
2021-07-12,0.8522050059594756
2021-07-13,0.8526023043305523
2021-07-14,0.8529996027016289
2021-07-15,0.8533969010727056
2021-07-16,0.8537941994437823
2021-07-19,0.8541914978148589
2021-07-20,0.8545887961859356
2021-07-21,0.8549860945570124
2021-07-22,0.855383392928089
2021-07-23,0.8557806912991657
2021-07-26,0.8561779896702424
2021-07-27,0.856575288041319
2021-07-28,0.8569725864123957
2021-07-29,0.8573698847834724
2021-07-30,0.857767183154549
2021-08-02,0.8581644815256257
2021-08-03,0.8585617798967025
2021-08-04,0.8589590782677791
2021-08-05,0.8593563766388558
2021-08-06,0.8597536750099325
2021-08-09,0.8601509733810091
2021-08-10,0.8605482717520858
2021-08-11,0.8609455701231625
2021-08-12,0.8613428684942391
2021-08-13,0.8617401668653158
2021-08-16,0.8621374652363926
2021-08-17,0.8625347636074692
2021-08-18,0.8629320619785459
2021-08-19,0.8633293603496226
2021-08-20,0.8637266587206992
2021-08-23,0.8641239570917759
2021-08-24,0.8645212554628526
2021-08-25,0.8649185538339292
2021-08-26,0.865315852205006
2021-08-27,0.8657131505760827
2021-08-30,0.8661104489471593
2021-08-31,0.866507747318236
2021-09-01,0.8669050456893127
2021-09-02,0.8673023440603893
2021-09-03,0.867699642431466
2021-09-07,0.8680969408025427
2021-09-08,0.8684942391736193
2021-09-09,0.8688915375446961
2021-09-10,0.8692888359157728
2021-09-13,0.8696861342868494
2021-09-14,0.8700834326579261
2021-09-15,0.8704807310290028
2021-09-16,0.8708780294000794
2021-09-17,0.8712753277711561
2021-09-20,0.8716726261422328
2021-09-21,0.8720699245133094
2021-09-22,0.8724672228843862
2021-09-23,0.8728645212554629
2021-09-24,0.8732618196265395
2021-09-27,0.8736591179976162
2021-09-28,0.8740564163686929
2021-09-29,0.8744537147397695
2021-09-30,0.8748510131108462
2021-10-01,0.875248311481923
2021-10-04,0.8756456098529996
2021-10-05,0.8760429082240763
2021-10-06,0.876440206595153
2021-10-07,0.8768375049662296
2021-10-08,0.8772348033373063
2021-10-11,0.877632101708383
2021-10-12,0.8780294000794596
2021-10-13,0.8784266984505363
2021-10-14,0.878823996821613
2021-10-15,0.8792212951926897
2021-10-18,0.8796185935637664
2021-10-19,0.8800158919348431
2021-10-20,0.8804131903059197
2021-10-21,0.8808104886769964
2021-10-22,0.8812077870480731
2021-10-25,0.8816050854191498
2021-10-26,0.8820023837902264
2021-10-27,0.8823996821613032
2021-10-28,0.8827969805323799
2021-10-29,0.8831942789034565
2021-11-01,0.8835915772745332
2021-11-02,0.8839888756456099
2021-11-03,0.8843861740166865
2021-11-04,0.8847834723877632
2021-11-05,0.8851807707588399
2021-11-08,0.8855780691299165
2021-11-09,0.8859753675009933
2021-11-10,0.88637266587207
2021-11-11,0.8867699642431466
2021-11-12,0.8871672626142233
2021-11-15,0.8875645609853
2021-11-16,0.8879618593563766
2021-11-17,0.8883591577274533
2021-11-18,0.88875645609853
2021-11-19,0.8891537544696066
2021-11-22,0.8895510528406834
2021-11-23,0.8899483512117601
2021-11-24,0.8903456495828367
2021-11-26,0.8907429479539134
2021-11-29,0.8911402463249901
2021-11-30,0.8915375446960667
2021-12-01,0.8919348430671434
2021-12-02,0.8923321414382201
2021-12-03,0.8927294398092968
2021-12-06,0.8931267381803735
2021-12-07,0.8935240365514502
2021-12-08,0.8939213349225268
2021-12-09,0.8943186332936035
2021-12-10,0.8947159316646802
2021-12-13,0.8951132300357568
2021-12-14,0.8955105284068335
2021-12-15,0.8959078267779103
2021-12-16,0.8963051251489869
2021-12-17,0.8967024235200636
2021-12-20,0.8970997218911403
2021-12-21,0.8974970202622169
2021-12-22,0.8978943186332936
2021-12-23,0.8982916170043703
2021-12-27,0.8986889153754469
2021-12-28,0.8990862137465236
2021-12-29,0.8994835121176004
2021-12-30,0.899880810488677
2021-12-31,0.9002781088597537
2022-01-03,0.9006754072308304
2022-01-04,0.901072705601907
2022-01-05,0.9014700039729837
2022-01-06,0.9018673023440604
2022-01-07,0.902264600715137
2022-01-10,0.9026618990862137
2022-01-11,0.9030591974572905
2022-01-12,0.9034564958283671
2022-01-13,0.9038537941994438
2022-01-14,0.9042510925705205
2022-01-18,0.9046483909415971
2022-01-19,0.9050456893126738
2022-01-20,0.9054429876837505
2022-01-21,0.9058402860548271
2022-01-24,0.9062375844259039
2022-01-25,0.9066348827969806
2022-01-26,0.9070321811680572
2022-01-27,0.9074294795391339
2022-01-28,0.9078267779102106
2022-01-31,0.9082240762812872
2022-02-01,0.9086213746523639
2022-02-02,0.9090186730234406
2022-02-03,0.9094159713945172
2022-02-04,0.909813269765594
2022-02-07,0.9102105681366707
2022-02-08,0.9106078665077473
2022-02-09,0.911005164878824
2022-02-10,0.9114024632499007
2022-02-11,0.9117997616209773
2022-02-14,0.912197059992054
2022-02-15,0.9125943583631307
2022-02-16,0.9129916567342073
2022-02-17,0.9133889551052841
2022-02-18,0.9137862534763608
2022-02-22,0.9141835518474374
2022-02-23,0.9145808502185141
2022-02-24,0.9149781485895908
2022-02-25,0.9153754469606674
2022-02-28,0.9157727453317441
2022-03-01,0.9161700437028208
2022-03-02,0.9165673420738975
2022-03-03,0.9169646404449742
2022-03-04,0.9173619388160509
2022-03-07,0.9177592371871275
2022-03-08,0.9181565355582042
2022-03-09,0.9185538339292809
2022-03-10,0.9189511323003575
2022-03-11,0.9193484306714342
2022-03-14,0.919745729042511
2022-03-15,0.9201430274135876
2022-03-16,0.9205403257846643
2022-03-17,0.920937624155741
2022-03-18,0.9213349225268176
2022-03-21,0.9217322208978943
2022-03-22,0.922129519268971
2022-03-23,0.9225268176400476
2022-03-24,0.9229241160111243
2022-03-25,0.9233214143822011
2022-03-28,0.9237187127532777
2022-03-29,0.9241160111243544
2022-03-30,0.9245133094954311
2022-03-31,0.9249106078665077
2022-04-01,0.9253079062375844
2022-04-04,0.9257052046086611
2022-04-05,0.9261025029797377
2022-04-06,0.9264998013508144
2022-04-07,0.9268970997218912
2022-04-08,0.9272943980929678
2022-04-11,0.9276916964640445
2022-04-12,0.9280889948351212
2022-04-13,0.9284862932061978
2022-04-14,0.9288835915772745
2022-04-18,0.9292808899483512
2022-04-19,0.929678188319428
2022-04-20,0.9300754866905045
2022-04-21,0.9304727850615813
2022-04-22,0.930870083432658
2022-04-25,0.9312673818037346
2022-04-26,0.9316646801748113
2022-04-27,0.932061978545888
2022-04-28,0.9324592769169646
2022-04-29,0.9328565752880413
2022-05-02,0.933253873659118
2022-05-03,0.9336511720301947
2022-05-04,0.9340484704012714
2022-05-05,0.9344457687723481
2022-05-06,0.9348430671434247
2022-05-09,0.9352403655145014
2022-05-10,0.9356376638855781
2022-05-11,0.9360349622566547
2022-05-12,0.9364322606277314
2022-05-13,0.9368295589988082
2022-05-16,0.9372268573698848
2022-05-17,0.9376241557409615
2022-05-18,0.9380214541120382
2022-05-19,0.9384187524831148
2022-05-20,0.9388160508541915
2022-05-23,0.9392133492252682
2022-05-24,0.9396106475963448
2022-05-25,0.9400079459674215
2022-05-26,0.9404052443384983
2022-05-27,0.9408025427095749
2022-05-31,0.9411998410806516
2022-06-01,0.9415971394517283
2022-06-02,0.9419944378228049
2022-06-03,0.9423917361938816
2022-06-06,0.9427890345649583
2022-06-07,0.9431863329360349
2022-06-08,0.9435836313071116
2022-06-09,0.9439809296781884
2022-06-10,0.944378228049265
2022-06-13,0.9447755264203417
2022-06-14,0.9451728247914184
2022-06-15,0.945570123162495
2022-06-16,0.9459674215335717
2022-06-17,0.9463647199046484
2022-06-21,0.946762018275725
2022-06-22,0.9471593166468018
2022-06-23,0.9475566150178785
2022-06-24,0.9479539133889551
2022-06-27,0.9483512117600318
2022-06-28,0.9487485101311085
2022-06-29,0.9491458085021851
2022-06-30,0.9495431068732618
2022-07-01,0.9499404052443385
2022-07-05,0.9503377036154151
2022-07-06,0.9507350019864919
2022-07-07,0.9511323003575686
2022-07-08,0.9515295987286452
2022-07-11,0.9519268970997219
2022-07-12,0.9523241954707986
2022-07-13,0.9527214938418752
2022-07-14,0.9531187922129519
2022-07-15,0.9535160905840286
2022-07-18,0.9539133889551052
2022-07-19,0.954310687326182
2022-07-20,0.9547079856972587
2022-07-21,0.9551052840683353
2022-07-22,0.955502582439412
2022-07-25,0.9558998808104887
2022-07-26,0.9562971791815653
2022-07-27,0.956694477552642
2022-07-28,0.9570917759237187
2022-07-29,0.9574890742947954
2022-08-01,0.9578863726658721
2022-08-02,0.9582836710369488
2022-08-03,0.9586809694080254
2022-08-04,0.9590782677791021
2022-08-05,0.9594755661501788
2022-08-08,0.9598728645212554
2022-08-09,0.9602701628923321
2022-08-10,0.9606674612634089
2022-08-11,0.9610647596344855
2022-08-12,0.9614620580055622
2022-08-15,0.9618593563766389
2022-08-16,0.9622566547477155
2022-08-17,0.9626539531187922
2022-08-18,0.9630512514898689
2022-08-19,0.9634485498609455
2022-08-22,0.9638458482320222
2022-08-23,0.964243146603099
2022-08-24,0.9646404449741756
2022-08-25,0.9650377433452523
2022-08-26,0.965435041716329
2022-08-29,0.9658323400874056
2022-08-30,0.9662296384584823
2022-08-31,0.966626936829559
2022-09-01,0.9670242352006356
2022-09-02,0.9674215335717123
2022-09-06,0.9678188319427891
2022-09-07,0.9682161303138657
2022-09-08,0.9686134286849424
2022-09-09,0.9690107270560191
2022-09-12,0.9694080254270957
2022-09-13,0.9698053237981724
2022-09-14,0.9702026221692491
2022-09-15,0.9705999205403257
2022-09-16,0.9709972189114024
2022-09-19,0.9713945172824792
2022-09-20,0.9717918156535558
2022-09-21,0.9721891140246325
2022-09-22,0.9725864123957092
2022-09-23,0.9729837107667858
2022-09-26,0.9733810091378625
2022-09-27,0.9737783075089392
2022-09-28,0.9741756058800158
2022-09-29,0.9745729042510926
2022-09-30,0.9749702026221693
2022-10-03,0.9753675009932459
2022-10-04,0.9757647993643226
2022-10-05,0.9761620977353993
2022-10-06,0.976559396106476
2022-10-07,0.9769566944775526
2022-10-10,0.9773539928486293
2022-10-11,0.977751291219706
2022-10-12,0.9781485895907827
2022-10-13,0.9785458879618594
2022-10-14,0.9789431863329361
2022-10-17,0.9793404847040127
2022-10-18,0.9797377830750894
2022-10-19,0.9801350814461661
2022-10-20,0.9805323798172427
2022-10-21,0.9809296781883194
2022-10-24,0.9813269765593962
2022-10-25,0.9817242749304728
2022-10-26,0.9821215733015495
2022-10-27,0.9825188716726262
2022-10-28,0.9829161700437028
2022-10-31,0.9833134684147795
2022-11-01,0.9837107667858562
2022-11-02,0.9841080651569328
2022-11-03,0.9845053635280095
2022-11-04,0.9849026618990863
2022-11-07,0.9852999602701629
2022-11-08,0.9856972586412396
2022-11-09,0.9860945570123163
2022-11-10,0.9864918553833929
2022-11-11,0.9868891537544696
2022-11-14,0.9872864521255463
2022-11-15,0.9876837504966229
2022-11-16,0.9880810488676997
2022-11-17,0.9884783472387764
2022-11-18,0.988875645609853
2022-11-21,0.9892729439809297
2022-11-22,0.9896702423520064
2022-11-23,0.990067540723083
2022-11-25,0.9904648390941597
2022-11-28,0.9908621374652364
2022-11-29,0.991259435836313
2022-11-30,0.9916567342073898
2022-12-01,0.9920540325784665
2022-12-02,0.9924513309495431
2022-12-05,0.9928486293206198
2022-12-06,0.9932459276916965
2022-12-07,0.9936432260627731
2022-12-08,0.9940405244338498
2022-12-09,0.9944378228049265
2022-12-12,0.9948351211760031
2022-12-13,0.9952324195470799
2022-12-14,0.9956297179181566
2022-12-15,0.9960270162892332
2022-12-16,0.9964243146603099
2022-12-19,0.9968216130313866
2022-12-20,0.9972189114024632
2022-12-21,0.9976162097735399
2022-12-22,0.9980135081446166
2022-12-23,0.9984108065156932
2022-12-27,0.99880810488677
2022-12-28,0.9992054032578467
2022-12-29,0.9996027016289233
2022-12-30,1.0
