recalling_firm_name,Symbol
4e brands north america,None
a-s medication solutions,None
aaa cosmetica,None
abbott,ABT
abbott diabetes care,ABT
abbott molecular,ABT
abbott vascular,ABT
abc sales 1,None
abiomed,None
abrams royal pharamacy,None
abrams royal pharmacy,None
accelerated care plus,None
accord healthcare,None
accutron,None
acella pharmaceuticals,None
acist medical systems,None
ad-tech medical instrument,None
adamis pharmaceuticals,None
adams polishes,None
adams secret,None
advance pharmaceutical,None
advanced pharma,None
aesthetics systems usa,None
affirm xl,None
ah focal,None
akcea therapeutics,None
alcon research,ALC
alembic pharmaceuticals,None
alere san diego,None
alexion pharmaceuticals,None
allergan,None
allergan sales,None
allosource,None
alltech medical systems america,None
alpha omega engineering,None
alpha-tek,None
altaire pharmaceuticals,None
alvogen,None
ama wholesale,None
amazon com,None
american contract systems,None
american health packaging,None
american lifestyle com,None
american screening,None
amneal pharmaceuticals of new york,AMRX
amtec sales,None
anabolic science labs,None
andropharm,None
animas,None
apotex,None
applied medical resources,None
arbor pharmaceuticals,None
ardil comercial,None
argon medical devices,None
arjohuntleigh polska,None
arkray factory usa,None
armstrong medical services,None
aroma release technologies,None
arrow international,None
asclemed usa dba enovachem,None
ashtel studios,None
astrazeneca pharmaceuticals,AZN
ata international,None
athena medical products,None
atossa genetics,ATOS
atrium medical,None
aurobindo pharma,None
aurobindo pharma usa,None
auromedics pharma,None
avanos medical,AVNS
avid medical,None
avkare,None
aziyo biologics,None
azurity pharmaceuticals,None
b braun medical,None
bacai dba duyen house,None
bard access systems,BCRX
bard peripheral vascular,None
base 10 genetics,None
bausch and lomb,BLCO
baxter englewood,BAX
baxter healthcare,BAX
baycare integrated service center dba baycare central pharmacy,None
bayer healthcare pharmaceuticals,None
baylis medical,None
bb trade,None
beamonstar products,None
beckman coulter,None
becton dickinson,BDX
bee extremely amazed,None
bee xtreme,None
beiersdorf,None
bella all natural,None
bellus medical,None
ben venue laboratories,None
best brands consumer products,None
bestherbs coffee,None
bethel nutritional consulting,None
biomedical equipment service bmes,None
biomerieux,None
biosense webster,None
blaine labs,None
blue fusion natural,None
blue square market,None
body basics,None
boston scientific,BSX
botanicalnow,None
bracco diagnostic,None
brainlab,None
brian p richardson,None
bristol-meyers squibb,BMY
bristol-myers squibb,BMY
broncolin,None
brookfield prescription center,None
brower enterprises,None
bryan medical,None
bryant ranch prepack,None
bryant ranch prepack dba brp pharmaceuticals,None
bunnell,None
buzzagogo,None
caire,None
calvin scott,None
cantrell drug,None
cardiac assist,None
cardinal health,CAH
cardinal health 200,CAH
cardiovascular systems,None
carefusion 203,None
carefusion 213,None
carefusion 2200,None
carefusion 303,None
carefusion manufacturing,None
celebrate today,None
celltrion usa,None
central admixture pharmacy services,None
centro naturista,None
centurion medical products,None
chang kwung products,None
chiavna saffron,None
childrens medical ventures,None
clr medicals international,None
cme america,None
co truxton,None
codman shurtleff,None
combat medical systems,None
command global,None
compass health brands corporate office,None
complete pharmacy and medical solutions,None
conmed,CNMD
consumer concepts,None
convatec,None
cook,None
cook medical,None
coopersurgical,COO
coral rock man,None
cordis,None
corgiomed,None
corneagen,None
covidien,MDT
covidien formerly nellcor puritan bennett,None
ctv best group,None
cubist pharmaceuticals,None
custom medical specialties,None
customed,None
darmerica,None
datascope,None
dbp distribution,None
del mar reynolds medical,None
depuy orthopaedics,JNJ
deroyal industries,None
deroyal industries lafollette,None
deseo rebajar,None
detox transforms,None
dewei medical equipment,None
dexcom,DXCM
diabetic supply of suncoast,None
dibar nutricional de,None
distributor rfr,None
djo,None
dolphin intertrade,None
dr reddys laboratories,RDY
draeger medical,None
draeger medical systems,None
ds herbals,None
dupont nutrition usa,None
dynamic technical formulations,None
e25bio,None
eagle pharmaceuticals,None
ebay seller - john nguyen,None
ebi patient care,None
edwards lifesciences,EW
eight medical international,None
eli lilly,LLY
elite biomedical solutions,None
ellume,None
emergent protective products usa,None
empowered diagnostics,None
endo pharmaceuticals,None
endologix,None
engineered medical systemsinc,None
enhancement medical,None
envy me,None
epic products,None
estar technologies,None
esupplementsales,None
ethicon,None
ethicon endo-surgery,None
eugene oregon,None
ev3,None
event medical,None
evol nutrition,None
exela pharma sciences,None
ezweightlosstx,None
fabscout entertainment,None
fagron,None
fagron compounding services dba fagron sterile services,None
fenwal,None
ferring pharmaceuticals,None
first medical source,None
fisher paykel healthcare,None
fit firm and fabulous,None
fitoterapia usa,None
flexicare medical,None
focus diagnostics,None
fossil fuel products,None
fresenius kabi usa,None
fresenius medical care holdings,FMS
gadget island,None
gaia ethnobotanical,None
galemed,None
gc natural nutrition,None
ge healthcare,GEHC
ge medical systems israel functional imaging,None
ge oec medical systems,None
genentech,None
genetic edge compounds,None
getinge usa sales,None
gfa production xiamen,None
gilead sciences,GILD
glades drugs,None
glaxosmithkline consumer healthcare holdings dba haleon,None
global pharma healthcare,None
global sanitizers,None
globe all wellness,None
golden state medical supply,None
golean detox us,None
graphic controls acquisition,None
greatbatch medical,None
green lumber holdings,None
green pharmaceuticals,None
green planet,None
green valley drugs,None
greenstone,None
grupo asimex de mexico,None
guardian pharmacy services,None
haimen shengbang laboratory equipment,None
halyard health,None
hamilton medical,None
happy together,None
hardcore formulations,None
hartley medical center pharmacy,None
haute health,None
healthy life chemistry dba purity first,None
heartsine technologies,None
heartware,None
hello life,None
herbal give care,None
heritage pharmaceuticals,None
hetero labs unit v,None
hh associates,None
hikma pharmaceuticals usa,None
hill-rom,None
hospira,None
human science foundation,None
hummingbird med,None
icu medical,ICUI
impax laboratories,None
imperative care,None
inaffit,None
incredible products,None
infusion pump repair,None
innova medical group,None
inso-independent contractor for west coast nutritionalsltd,None
insulet,PODD
integra lifesciences,IART
intera oncology,None
international laboratories,None
iq formulations,None
iradimed,IRMD
itech 361,None
jack rabbit,None
jacobus pharmaceutical,None
jat natural products,None
je dois lavoir,None
jeffreys drug store,None
jersey shore supplements,None
jiangsu well biotech,None
jimmy weber,None
johnson johnson consumer,JNJ
jubilant cadista pharmaceuticals,None
junp hydration,None
kadesh international,None
kareway product,None
king bio,None
king systems,None
king systems dba ambu,None
kvk-tech,None
laax,None
lannett,None
latin foods market,None
lemaitre vascular,LMAT
leonhard lang,None
leonhard lang medizintechnik,None
lepu medical technology beijing,None
life and more,None
lifescan,None
liq-e,None
livanova usa,LIVN
living well remedies,None
lohxa,None
loud muscle science,None
love my tru body,None
lucky mart,None
lucys weight loss dba waisted with lucy,None
lumenis,None
lupin pharmaceuticals,None
lupin unit 1,None
lusys laboratories,None
mac medical supply,None
magellan diagnostics,None
magno humphries laboratories,None
main street family pharmacy,None
maison terre,None
making it a lifestyle,None
maquet cardiovascular us sales,None
maquet datascope - cardiac assist division,None
master herbs li,None
masterpharm,None
matrixx initiatives,None
mckesson technologies,MCK
med man distribution,None
med prep consulting,None
med shop total care,None
medek,None
medex cardio-pulmonary dba smiths medical,None
medical action industries 306,None
medichem,None
medisca,None
medline industries,None
medtech,MDT
medtronic,MDT
medtronic cardiac rhythm and heart failure crhf,MDT
medtronic cardiac rhythm disease management,MDT
medtronic cardiovascular surgery-the heart valve division,MDT
medtronic formerly covidien,MDT
medtronic minimed,MDT
medtronic navigation,MDT
medtronic neuromodulation,MDT
medtronic neurosurgery,MDT
medtronic perfusion systems,MDT
medtronic vascular,MDT
medtronic vascular galway dba medtronic ireland,MDT
medtronic xomed,MDT
meitheal pharmaceuticals,None
merck sharp dohme,MRK
meridian medical technologies a pfizer,None
merit medical systems,MMSI
mesa biotech,None
michigan herbal remedies,None
microport orthopedics,None
mindray ds usa dba mindray north america,None
mira health products,None
miracle joe,None
mobius therapeutics,None
monteris medical,None
motto international,None
mpm medical,None
ms bionic,None
msnv,None
musculoskeletal transplant foundation,None
mylan institutional,None
mylan institutional dba udl laboratories,None
mylan pharmaceuticals,VTRS
mynicnaxs,None
myson,None
nanomaterials discovery,None
national distribution contracting,None
natures rx,None
natures supplement,None
natures universe,None
natus medical,None
ndal mfg,None
nellcor puritan bennett dba covidien,MDT
nephron,None
nephros,NEPH
new england compounding center,None
new life nutritional center,None
newport medical instruments,None
nidek medical products,None
nitinol devices and components,None
north american diagnostics,None
north coast medical,None
nova biomedical,None
nova products,None
novacare,None
novartis pharmaceuticals,NVS
novis pr,None
novo nordisk,NVO
nsny distributor,None
nuri trading,None
nurse assist,None
nuvision pharmacy,None
nuway distributors,None
o-two medical technologies,None
olaax international,None
onelegacy,None
orasure technologies,OSUR
organic herbal supply,None
origen biomedical,None
oscor,None
pacific coast tissue bank,None
pacific medical group,None
pacific medical solutions,None
pacifico national dba amex pharmacy,None
pain free by nature,None
par pharmaceutical,None
pentax medical,None
penumbra,PEN
peoples custom rx and clinical care,None
performance plus marketing,None
pfizer,PFE
pharmacy creations,None
pharmakon pharmaceuticals,None
pharmedica usa,None
pharmedium services,None
phe,None
philips medical systems,PHG
philips medical systems cleveland,None
philips north america,None
philips respironics,PHG
phillips respironics,None
physician preferred medical,None
physicians total care,None
physio-control,None
pink toyz,None
pj trading,None
plastikon healthcare,None
pnhc,None
positive health,None
prairie wolf spirits,None
praxair,None
premiere sales group,None
primus pharmaceuticals,None
pro-med instruments,None
product quest manufacturing,None
pure edge nutrition,None
qiagen sciences,QGEN
qikmoov,None
quidel,QDEL
quva pharma,None
r thomas marketing,None
real clean distribuciones,None
reckitt benckiser,None
red medical supplies,None
reesna,None
refa enterprises,None
reflow medical,None
reliable rexall-a compounding pharmacy,None
remedyrepack,None
remel,None
resmed,RMD
respironics,None
respironics california,None
results rna,RNA
reumofan plus usa,None
revive rx dba revive rx pharmacy,None
richard-allan scientific,None
rlc labs,None
roche diagnostics,None
rvo 20,None
sage products,None
salon technologies international,None
samantha lynn,None
sandoz,None
sanit technologies dba durisan,None
sanofi-aventis us,SNY
sca pharmaceuticals,None
scentsational soaps candles,None
schindele enterprises dba midwest wholesale,None
scrip,None
sd biosensor,None
select distributions,None
sensory medical,None
sentreheart,None
sg24,None
shamrock medical solutions group,None
shire human genetic therapies,None
shoreside enterprises,None
siemens healthcare diagnostics,None
silver star brands,None
slim beauty usa,None
smisson-cartledge biomedical,None
smiths medical asd,None
sml distribution,None
sos telecom,None
spacelabs healthcare,None
spartan chemical,None
specialty compounding,None
specialty medicine compounding pharmacy,None
spectranetics,None
spectrum laboratory products,None
spectrum medical,None
sperian eye face protection,None
ss wholesale dba jobbers wholesale,None
st jude medical,None
st jude medical cardiac rhythm management division,None
st jude medical cardian rhythm management division,None
standard homeopathic,None
staq pharma,None
step-har medical,None
sterilmed,None
sterrx,None
stiff boy,None
stratus biosystems,None
stroheckers pharmacy,None
stryker howmedica osteonics,SYK
stryker instruments div of stryker,SYK
stryker neurovascular,SYK
stryker spine,SYK
stryker sustainability solutions,SYK
summitt labs,None
sun pharmaceutical industries,None
sung soo kim,None
sunmed holdings,None
sunstar americas,None
super herbs,None
symbios medical products,None
synapse biomedical,None
synaptive medical,None
syncardia systems,None
synovis surgical innovations,None
synthes,None
synthes usa hq,JNJ
synthes usa products,JNJ
tandem diabetes care,TNDM
taro pharmaceuticals usa,None
teleflex,TFX
teleflex medical,TFX
teligent pharma,None
tenacore,None
tendex,None
tennessee technical coatings,None
terrific care,None
terumo medical,None
test valley dba amniotic therapies,None
teva pharmaceuticals,TEVA
teva pharmaceuticals usa,TEVA
tf supplements,None
the ampt life,None
the anspach effort,None
the biomed guys,None
the compounding pharmacy of america,None
the harvard drug group,None
the menz club,None
the one minute miracle,None
the protein shoppe,None
thoratec,None
thoratec switzerland,None
thornhill research,None
tissue banks international,None
todd holiday dba sunstone organics,None
torrent pharma,None
town and country compounding and consultation services,None
transliquid technologies,None
trirx huntsville pharmaceutical services,None
trivascular,None
tytek medical,None
ultimate body tox,None
ultra supplement,None
ultra zx supplements,None
ummzy,None
umtb biomedical,None
unique pharmaceutical,None
united exchange,None
universal meditech,None
university of miami miller school of medicine tissue bank,None
us compounding,None
us pharmaceuticals group,None
usa less,None
uvt,None
valisa mfg,None
valor compounding pharmacy dba valor compounding pharmacy,None
vascular solutions,None
ventana medical systems,None
verathon,None
vero biotech,None
vi-jon,None
viatris,VTRS
virgin scent,None
virtus pharmaceuticals opco ii l,None
vitamin best buy,None
vitility,None
vivex biologicals,None
volt candy wholesale club,None
volu-sol,None
vyaire medical,None
vyaire medical carefusion viasys,None
vycor medical,None
wallcur,None
walmart,None
walmart stores,None
watson laboratories,None
wellspring pharmaceutical,None
west pharma services il,WST
western scott fetzer,None
westminster pharmaceuticals,None
whele dba perch,None
windstone medical packaging,None
wishgarden herbs,None
woodside acquisitions,None
world organix,None
www blankterrmall com,None
x-gen pharmaceuticals,None
xrock industries,None
xtreme z distributors,None
y-o management dba natural remedy store,None
yamtun7,None
your favorite shop,None
zi xiu tang success,None
zimmer,ZBH
zimmer biomet,ZBH
zions rx formulations services dba rx formuations serv,None
zydus pharmaceuticals usa,None
